Id,ActivityDate,StepTotal,Calories,SedentaryMinutes,LightlyActiveMinutes,FairlyActiveMinutes,VeryActiveMinutes,SedentaryActiveDistance,LightActiveDistance,ModeratelyActiveDistance,VeryActiveDistance,MinutesLogged,MinutesNOTLogged,HoursNOTLogged
1503960366,4/12/2016,13162,1985,728,328,13,25,0.00,6.06,0.55,1.88,1094,346,5.77
1503960366,4/13/2016,10735,1797,776,217,19,21,0.00,4.71,0.69,1.57,1033,407,6.78
1503960366,4/14/2016,10460,1776,1218,181,11,30,0.00,3.91,0.40,2.44,1440,0,0.00
1503960366,4/15/2016,9762,1745,726,209,34,29,0.00,2.83,1.26,2.14,998,442,7.37
1503960366,4/16/2016,12669,1863,773,221,10,36,0.00,5.04,0.41,2.71,1040,400,6.67
1503960366,4/17/2016,9705,1728,539,164,20,38,0.00,2.51,0.78,3.19,761,679,11.32
1503960366,4/18/2016,13019,1921,1149,233,16,42,0.00,4.71,0.64,3.25,1440,0,0.00
1503960366,4/19/2016,15506,2035,775,264,31,50,0.00,5.03,1.32,3.53,1120,320,5.33
1503960366,4/20/2016,10544,1786,818,205,12,28,0.00,4.24,0.48,1.96,1063,377,6.28
1503960366,4/21/2016,9819,1775,838,211,8,19,0.00,4.65,0.35,1.34,1076,364,6.07
1503960366,4/22/2016,12764,1827,1217,130,27,66,0.00,2.24,1.12,4.76,1440,0,0.00
1503960366,4/23/2016,14371,1949,732,262,21,41,0.00,5.36,0.87,2.81,1056,384,6.40
1503960366,4/24/2016,10039,1788,709,238,5,39,0.00,3.28,0.21,2.92,991,449,7.48
1503960366,4/25/2016,15355,2013,814,216,14,73,0.00,3.94,0.57,5.29,1117,323,5.38
1503960366,4/26/2016,13755,1970,833,279,23,31,0.00,5.54,0.92,2.33,1166,274,4.57
1503960366,4/27/2016,18134,2159,1108,243,11,78,0.00,5.41,0.41,6.40,1440,0,0.00
1503960366,4/28/2016,13154,1898,782,189,28,48,0.00,3.79,1.16,3.54,1047,393,6.55
1503960366,4/29/2016,11181,1837,815,243,12,16,0.00,5.58,0.50,1.06,1086,354,5.90
1503960366,4/30/2016,14673,1947,712,217,34,52,0.00,4.27,1.42,3.56,1015,425,7.08
1503960366,5/1/2016,10602,1820,730,246,35,33,0.00,2.92,1.60,2.29,1044,396,6.60
1503960366,5/2/2016,14727,2004,798,277,15,41,0.00,5.92,0.57,3.21,1131,309,5.15
1503960366,5/3/2016,15103,1990,816,254,24,50,0.00,4.88,1.05,3.73,1144,296,4.93
1503960366,5/4/2016,11100,1819,1179,203,22,36,0.00,3.82,0.87,2.46,1440,0,0.00
1503960366,5/5/2016,14070,1959,857,250,24,45,0.00,4.88,1.08,2.92,1176,264,4.40
1503960366,5/6/2016,12159,1896,754,289,6,24,0.00,5.81,0.25,1.97,1073,367,6.12
1503960366,5/7/2016,11992,1821,833,175,46,37,0.00,3.13,2.12,2.46,1091,349,5.82
1503960366,5/8/2016,10060,1740,574,203,8,44,0.00,2.73,0.32,3.53,829,611,10.18
1503960366,5/9/2016,12022,1819,835,206,11,46,0.00,3.74,0.53,3.45,1098,342,5.70
1503960366,5/10/2016,12207,1859,746,214,31,46,0.00,3.26,1.16,3.35,1037,403,6.72
1503960366,5/11/2016,12770,1783,669,251,23,36,0.00,4.55,1.01,2.56,979,461,7.68
1503960366,5/12/2016,0,0,1440,0,0,0,0.00,0.00,0.00,0.00,1440,0,0.00
1624580081,4/12/2016,8163,1432,1294,146,0,0,0.00,5.31,0.00,0.00,1440,0,0.00
1624580081,4/13/2016,7007,1411,1292,148,0,0,0.00,4.55,0.00,0.00,1440,0,0.00
1624580081,4/14/2016,9107,1572,1204,236,0,0,0.01,5.91,0.00,0.00,1440,0,0.00
1624580081,4/15/2016,1510,1344,1344,96,0,0,0.00,0.97,0.00,0.00,1440,0,0.00
1624580081,4/16/2016,5370,1463,1264,176,0,0,0.00,3.49,0.00,0.00,1440,0,0.00
1624580081,4/17/2016,6175,1554,1276,127,22,15,0.01,1.49,1.52,1.03,1440,0,0.00
1624580081,4/18/2016,10536,1604,1214,202,7,17,0.01,4.62,0.62,2.15,1440,0,0.00
1624580081,4/19/2016,2916,1435,1299,141,0,0,0.00,1.90,0.00,0.00,1440,0,0.00
1624580081,4/20/2016,4974,1446,1289,151,0,0,0.00,3.23,0.00,0.00,1440,0,0.00
1624580081,4/21/2016,6349,1467,1254,186,0,0,0.02,4.11,0.00,0.00,1440,0,0.00
1624580081,4/22/2016,4026,1470,1241,199,0,0,0.00,2.60,0.00,0.00,1440,0,0.00
1624580081,4/23/2016,8538,1562,1213,227,0,0,0.01,5.54,0.00,0.00,1440,0,0.00
1624580081,4/24/2016,6076,1617,1221,185,18,16,0.00,1.89,0.91,1.15,1440,0,0.00
1624580081,4/25/2016,6497,1492,1238,202,0,0,0.02,4.20,0.00,0.00,1440,0,0.00
1624580081,4/26/2016,2826,1402,1300,140,0,0,0.01,1.83,0.00,0.00,1440,0,0.00
1624580081,4/27/2016,8367,1670,1233,154,36,17,0.00,2.46,1.87,1.11,1440,0,0.00
1624580081,4/28/2016,2759,1401,1320,115,5,0,0.00,1.60,0.20,0.00,1440,0,0.00
1624580081,4/29/2016,2390,1404,1290,150,0,0,0.00,1.55,0.00,0.00,1440,0,0.00
1624580081,4/30/2016,6474,1655,1182,224,23,11,0.01,2.12,1.28,0.90,1440,0,0.00
1624580081,5/1/2016,36019,2690,1020,171,63,186,0.02,1.91,4.19,21.92,1440,0,0.00
1624580081,5/2/2016,7155,1497,1261,166,6,7,0.00,3.47,0.59,0.86,1440,0,0.00
1624580081,5/3/2016,2100,1334,1344,96,0,0,0.02,1.34,0.00,0.00,1440,0,0.00
1624580081,5/4/2016,2193,1368,1322,118,0,0,0.00,1.42,0.00,0.00,1440,0,0.00
1624580081,5/5/2016,2470,1370,1323,117,0,0,0.02,1.58,0.00,0.00,1440,0,0.00
1624580081,5/6/2016,1727,1341,1338,102,0,0,0.01,1.12,0.00,0.00,1440,0,0.00
1624580081,5/7/2016,2104,1474,1258,182,0,0,0.00,1.37,0.00,0.00,1440,0,0.00
1624580081,5/8/2016,3427,1427,1288,152,0,0,0.00,2.22,0.00,0.00,1440,0,0.00
1624580081,5/9/2016,1732,1328,1349,91,0,0,0.00,1.13,0.00,0.00,1440,0,0.00
1624580081,5/10/2016,2969,1393,1301,139,0,0,0.01,1.92,0.00,0.00,1440,0,0.00
1624580081,5/11/2016,3134,1359,1328,112,0,0,0.00,2.04,0.00,0.00,1440,0,0.00
1624580081,5/12/2016,2971,1002,890,107,0,0,0.01,1.92,0.00,0.00,997,443,7.38
1644430081,4/12/2016,10694,3199,1131,256,51,2,0.00,5.33,2.30,0.14,1440,0,0.00
1644430081,4/13/2016,8001,2902,1259,135,16,30,0.00,2.64,0.90,2.28,1440,0,0.00
1644430081,4/14/2016,11037,3226,1125,252,58,5,0.00,5.10,2.56,0.36,1440,0,0.00
1644430081,4/15/2016,5263,2750,1263,170,4,3,0.00,3.45,0.15,0.22,1440,0,0.00
1644430081,4/16/2016,15300,3493,1135,212,42,51,0.00,5.09,1.88,4.10,1440,0,0.00
1644430081,4/17/2016,8757,3011,1212,186,13,29,0.00,3.55,0.57,2.25,1440,0,0.00
1644430081,4/18/2016,7132,2806,1271,121,33,15,0.00,2.45,1.67,1.07,1440,0,0.00
1644430081,4/19/2016,11256,3300,1099,278,58,5,0.00,5.30,2.53,0.36,1440,0,0.00
1644430081,4/20/2016,2436,2430,1315,125,0,0,0.01,1.76,0.00,0.00,1440,0,0.00
1644430081,4/21/2016,1223,2140,1402,38,0,0,0.01,0.88,0.00,0.00,1440,0,0.00
1644430081,4/22/2016,3673,2344,1354,86,0,0,0.01,2.66,0.00,0.00,1440,0,0.00
1644430081,4/23/2016,6637,2677,1265,160,15,0,0.00,4.25,0.58,0.00,1440,0,0.00
1644430081,4/24/2016,3321,2413,1351,89,0,0,0.00,2.41,0.00,0.00,1440,0,0.00
1644430081,4/25/2016,3580,2497,1337,94,1,8,0.00,1.95,0.06,0.59,1440,0,0.00
1644430081,4/26/2016,9919,3123,1165,223,41,11,0.00,4.69,1.72,0.80,1440,0,0.00
1644430081,4/27/2016,3032,2489,1322,118,0,0,0.00,2.20,0.00,0.00,1440,0,0.00
1644430081,4/28/2016,9405,3108,1157,227,53,3,0.00,4.31,2.32,0.20,1440,0,0.00
1644430081,4/29/2016,3176,2498,1193,120,0,0,0.00,2.31,0.00,0.00,1313,127,2.12
1644430081,4/30/2016,18213,3846,816,402,71,9,0.00,9.46,3.14,0.63,1298,142,2.37
1644430081,5/1/2016,6132,2696,908,146,24,3,0.00,3.23,0.99,0.24,1081,359,5.98
1644430081,5/2/2016,3758,2580,682,148,7,1,0.00,2.35,0.31,0.07,838,602,10.03
1644430081,5/3/2016,12850,3324,1115,221,94,10,0.00,4.54,4.09,0.72,1440,0,0.00
1644430081,5/4/2016,2309,2222,1388,52,0,0,0.02,1.66,0.00,0.00,1440,0,0.00
1644430081,5/5/2016,4363,2463,1341,81,12,6,0.01,2.13,0.54,0.52,1440,0,0.00
1644430081,5/6/2016,9787,3328,1054,369,6,11,0.02,6.01,0.27,0.82,1440,0,0.00
1644430081,5/7/2016,13372,3404,1139,243,17,41,0.01,5.67,0.79,3.26,1440,0,0.00
1644430081,5/8/2016,6724,2987,991,295,0,0,0.00,4.88,0.00,0.00,1286,154,2.57
1644430081,5/9/2016,6643,3008,1099,303,6,32,0.01,2.09,0.35,2.39,1440,0,0.00
1644430081,5/10/2016,9167,2799,1254,155,19,12,0.01,4.97,0.81,0.88,1440,0,0.00
1644430081,5/11/2016,1329,1276,713,49,0,0,0.01,0.95,0.00,0.00,762,678,11.30
1844505072,4/12/2016,6697,2030,1101,339,0,0,0.00,4.43,0.00,0.00,1440,0,0.00
1844505072,4/13/2016,4929,1860,1192,248,0,0,0.00,3.26,0.00,0.00,1440,0,0.00
1844505072,4/14/2016,7937,2130,843,373,0,0,0.00,5.23,0.00,0.00,1216,224,3.73
1844505072,4/15/2016,3844,1725,527,176,0,0,0.00,2.54,0.00,0.00,703,737,12.28
1844505072,4/16/2016,3414,1657,1293,147,0,0,0.00,2.26,0.00,0.00,1440,0,0.00
1844505072,4/17/2016,4525,1793,1231,199,8,2,0.00,2.59,0.26,0.14,1440,0,0.00
1844505072,4/18/2016,4597,1814,1211,217,12,0,0.00,2.56,0.48,0.00,1440,0,0.00
1844505072,4/19/2016,197,1366,1430,10,0,0,0.00,0.13,0.00,0.00,1440,0,0.00
1844505072,4/20/2016,8,1349,1439,1,0,0,0.00,0.01,0.00,0.00,1440,0,0.00
1844505072,4/21/2016,8054,2062,1117,308,13,2,0.00,4.68,0.52,0.12,1440,0,0.00
1844505072,4/22/2016,5372,1827,1220,220,0,0,0.00,3.55,0.00,0.00,1440,0,0.00
1844505072,4/23/2016,3570,1645,1301,139,0,0,0.00,2.36,0.00,0.00,1440,0,0.00
1844505072,4/24/2016,0,1347,1440,0,0,0,0.00,0.00,0.00,0.00,1440,0,0.00
1844505072,4/25/2016,0,1347,1440,0,0,0,0.00,0.00,0.00,0.00,1440,0,0.00
1844505072,4/26/2016,0,1347,1440,0,0,0,0.00,0.00,0.00,0.00,1440,0,0.00
1844505072,4/27/2016,4,1348,1439,1,0,0,0.00,0.00,0.00,0.00,1440,0,0.00
1844505072,4/28/2016,6907,1992,1138,302,0,0,0.00,4.56,0.00,0.00,1440,0,0.00
1844505072,4/29/2016,4920,1856,1082,247,0,0,0.00,3.25,0.00,0.00,1329,111,1.85
1844505072,4/30/2016,4014,1763,218,184,0,0,0.00,2.65,0.00,0.00,402,1038,17.30
1844505072,5/1/2016,2573,1541,585,75,7,0,0.00,1.45,0.26,0.00,667,773,12.88
1844505072,5/2/2016,0,1348,1440,0,0,0,0.00,0.00,0.00,0.00,1440,0,0.00
1844505072,5/3/2016,4059,1742,1256,184,0,0,0.00,2.68,0.00,0.00,1440,0,0.00
1844505072,5/4/2016,2080,1549,1353,87,0,0,0.00,1.37,0.00,0.00,1440,0,0.00
1844505072,5/5/2016,2237,1589,1320,120,0,0,0.00,1.48,0.00,0.00,1440,0,0.00
1844505072,5/6/2016,44,1351,1438,2,0,0,0.00,0.03,0.00,0.00,1440,0,0.00
1844505072,5/7/2016,0,1347,1440,0,0,0,0.00,0.00,0.00,0.00,1440,0,0.00
1844505072,5/8/2016,0,1347,1440,0,0,0,0.00,0.00,0.00,0.00,1440,0,0.00
1844505072,5/9/2016,0,1347,1440,0,0,0,0.00,0.00,0.00,0.00,1440,0,0.00
1844505072,5/10/2016,0,1347,1440,0,0,0,0.00,0.00,0.00,0.00,1440,0,0.00
1844505072,5/11/2016,0,1347,1440,0,0,0,0.00,0.00,0.00,0.00,1440,0,0.00
1844505072,5/12/2016,0,665,711,0,0,0,0.00,0.00,0.00,0.00,711,729,12.15
1927972279,4/12/2016,678,2220,734,55,0,0,0.00,0.47,0.00,0.00,789,651,10.85
1927972279,4/13/2016,356,2151,986,32,0,0,0.00,0.25,0.00,0.00,1018,422,7.03
1927972279,4/14/2016,2163,2383,1292,88,9,0,0.00,1.10,0.40,0.00,1389,51,0.85
1927972279,4/15/2016,980,2221,941,51,0,0,0.00,0.68,0.00,0.00,992,448,7.47
1927972279,4/16/2016,0,2064,1440,0,0,0,0.00,0.00,0.00,0.00,1440,0,0.00
1927972279,4/17/2016,0,2063,1440,0,0,0,0.00,0.00,0.00,0.00,1440,0,0.00
1927972279,4/18/2016,244,2111,1423,17,0,0,0.00,0.17,0.00,0.00,1440,0,0.00
1927972279,4/19/2016,0,2063,1440,0,0,0,0.00,0.00,0.00,0.00,1440,0,0.00
1927972279,4/20/2016,0,2063,1440,0,0,0,0.00,0.00,0.00,0.00,1440,0,0.00
1927972279,4/21/2016,0,2064,1440,0,0,0,0.00,0.00,0.00,0.00,1440,0,0.00
1927972279,4/22/2016,149,2093,1430,10,0,0,0.00,0.10,0.00,0.00,1440,0,0.00
1927972279,4/23/2016,2945,2499,1295,145,0,0,0.00,2.04,0.00,0.00,1440,0,0.00
1927972279,4/24/2016,2090,2324,1358,75,6,1,0.00,1.14,0.24,0.07,1440,0,0.00
1927972279,4/25/2016,152,2100,1303,12,0,0,0.00,0.11,0.00,0.00,1315,125,2.08
1927972279,4/26/2016,3761,2638,1058,192,0,0,0.00,2.60,0.00,0.00,1250,190,3.17
1927972279,4/27/2016,0,2063,1440,0,0,0,0.00,0.00,0.00,0.00,1440,0,0.00
1927972279,4/28/2016,1675,2351,1167,95,0,0,0.00,1.16,0.00,0.00,1262,178,2.97
1927972279,4/29/2016,0,2063,1440,0,0,0,0.00,0.00,0.00,0.00,1440,0,0.00
1927972279,4/30/2016,0,2064,1440,0,0,0,0.00,0.00,0.00,0.00,1440,0,0.00
1927972279,5/1/2016,2704,2411,1355,70,1,14,0.00,0.83,0.03,1.01,1440,0,0.00
1927972279,5/2/2016,3790,2505,1322,94,8,16,0.00,1.16,0.30,1.16,1440,0,0.00
1927972279,5/3/2016,1326,2195,1413,17,0,10,0.00,0.18,0.00,0.73,1440,0,0.00
1927972279,5/4/2016,1786,2338,1353,87,0,0,0.00,1.24,0.00,0.00,1440,0,0.00
1927972279,5/5/2016,0,2063,1440,0,0,0,0.00,0.00,0.00,0.00,1440,0,0.00
1927972279,5/6/2016,2091,2383,1332,108,0,0,0.00,1.45,0.00,0.00,1440,0,0.00
1927972279,5/7/2016,1510,2229,1392,48,0,0,0.00,1.04,0.00,0.00,1440,0,0.00
1927972279,5/8/2016,0,2063,1440,0,0,0,0.00,0.00,0.00,0.00,1440,0,0.00
1927972279,5/9/2016,0,2063,1440,0,0,0,0.00,0.00,0.00,0.00,1440,0,0.00
1927972279,5/10/2016,0,2063,1440,0,0,0,0.00,0.00,0.00,0.00,1440,0,0.00
1927972279,5/11/2016,0,2063,1440,0,0,0,0.00,0.00,0.00,0.00,1440,0,0.00
1927972279,5/12/2016,0,1383,966,0,0,0,0.00,0.00,0.00,0.00,966,474,7.90
2022484408,4/12/2016,11875,2390,1157,227,14,42,0.00,4.26,0.77,3.31,1440,0,0.00
2022484408,4/13/2016,12024,2601,1100,292,5,43,0.00,5.41,0.10,2.99,1440,0,0.00
2022484408,4/14/2016,10690,2312,1148,257,3,32,0.00,4.82,0.21,2.48,1440,0,0.00
2022484408,4/15/2016,11034,2525,1122,282,9,27,0.00,5.78,0.31,1.94,1440,0,0.00
2022484408,4/16/2016,10100,2177,1237,151,11,41,0.00,3.39,0.55,3.15,1440,0,0.00
2022484408,4/17/2016,15112,2782,1052,331,29,28,0.00,6.88,0.66,3.87,1440,0,0.00
2022484408,4/18/2016,14131,2770,1078,311,3,48,0.00,6.30,0.12,3.64,1440,0,0.00
2022484408,4/19/2016,11548,2489,1152,250,7,31,0.00,5.00,0.24,3.29,1440,0,0.00
2022484408,4/20/2016,15112,2897,1053,276,63,48,0.00,5.40,1.93,3.34,1440,0,0.00
2022484408,4/21/2016,12453,3158,1028,255,53,104,0.00,4.31,1.11,3.33,1440,0,0.00
2022484408,4/22/2016,12954,2638,1105,273,10,52,0.00,4.47,0.42,4.43,1440,0,0.00
2022484408,4/23/2016,6001,2069,1191,249,0,0,0.00,4.21,0.00,0.00,1440,0,0.00
2022484408,4/24/2016,13481,2529,1161,216,26,37,0.00,4.58,1.15,4.55,1440,0,0.00
2022484408,4/25/2016,11369,2470,1171,217,8,44,0.00,4.46,0.22,3.33,1440,0,0.00
2022484408,4/26/2016,10119,2793,1086,275,24,55,0.00,5.11,0.66,1.43,1440,0,0.00
2022484408,4/27/2016,10159,2463,1119,282,20,19,0.00,5.12,0.97,1.04,1440,0,0.00
2022484408,4/28/2016,10140,2296,1123,291,20,6,0.00,5.39,1.33,0.41,1440,0,0.00
2022484408,4/29/2016,10245,2611,1098,281,40,21,0.00,5.50,1.21,0.48,1440,0,0.00
2022484408,4/30/2016,18387,2732,1043,361,23,13,0.00,10.57,1.40,0.94,1440,0,0.00
2022484408,5/1/2016,10538,2380,1142,245,28,25,0.00,4.50,0.96,1.94,1440,0,0.00
2022484408,5/2/2016,10379,2473,1119,277,8,36,0.00,4.33,0.34,2.61,1440,0,0.00
2022484408,5/3/2016,12183,2752,1104,250,14,72,0.00,4.28,0.46,3.99,1440,0,0.00
2022484408,5/4/2016,11768,2649,1105,272,27,36,0.00,4.85,0.93,2.51,1440,0,0.00
2022484408,5/5/2016,11895,2609,1112,253,20,55,0.00,4.70,0.86,2.79,1440,0,0.00
2022484408,5/6/2016,10227,2498,1104,295,17,24,0.00,4.64,0.67,1.87,1440,0,0.00
2022484408,5/7/2016,6708,1995,1269,149,2,20,0.00,3.02,0.08,1.61,1440,0,0.00
2022484408,5/8/2016,3292,1848,1305,135,0,0,0.00,2.31,0.00,0.00,1440,0,0.00
2022484408,5/9/2016,13379,2709,1061,297,47,35,0.00,5.64,1.63,2.12,1440,0,0.00
2022484408,5/10/2016,12798,2797,1084,271,28,57,0.00,5.56,1.21,2.22,1440,0,0.00
2022484408,5/11/2016,13272,2544,1133,224,25,58,0.00,3.99,1.15,4.18,1440,0,0.00
2022484408,5/12/2016,9117,1853,728,236,16,16,0.00,4.44,0.67,1.28,996,444,7.40
2026352035,4/12/2016,4414,1459,706,181,8,3,0.00,2.20,0.35,0.19,898,542,9.03
2026352035,4/13/2016,4993,1521,663,238,0,0,0.00,3.10,0.00,0.00,901,539,8.98
2026352035,4/14/2016,3335,1431,653,197,0,0,0.00,2.05,0.00,0.00,850,590,9.83
2026352035,4/15/2016,3821,1444,687,188,0,0,0.00,2.37,0.00,0.00,875,565,9.42
2026352035,4/16/2016,2547,1373,728,150,0,0,0.00,1.58,0.00,0.00,878,562,9.37
2026352035,4/17/2016,838,1214,1053,60,0,0,0.00,0.52,0.00,0.00,1113,327,5.45
2026352035,4/18/2016,3325,1419,1062,182,0,0,0.00,2.06,0.00,0.00,1244,196,3.27
2026352035,4/19/2016,2424,1356,785,141,0,0,0.00,1.50,0.00,0.00,926,514,8.57
2026352035,4/20/2016,7222,1667,623,327,0,0,0.00,4.48,0.00,0.00,950,490,8.17
2026352035,4/21/2016,2467,1370,749,153,0,0,0.00,1.53,0.00,0.00,902,538,8.97
2026352035,4/22/2016,2915,1399,712,162,0,0,0.00,1.81,0.00,0.00,874,566,9.43
2026352035,4/23/2016,12357,1916,458,432,0,0,0.00,7.71,0.00,0.00,890,550,9.17
2026352035,4/24/2016,3490,1401,704,164,0,0,0.00,2.16,0.00,0.00,868,572,9.53
2026352035,4/25/2016,6017,1576,821,260,0,0,0.00,3.73,0.00,0.00,1081,359,5.98
2026352035,4/26/2016,5933,1595,1018,288,0,0,0.00,3.68,0.00,0.00,1306,134,2.23
2026352035,4/27/2016,6088,1593,586,286,0,0,0.00,3.77,0.00,0.00,872,568,9.47
2026352035,4/28/2016,6375,1649,626,331,0,0,0.00,3.95,0.00,0.00,957,483,8.05
2026352035,4/29/2016,7604,1692,492,352,0,0,0.00,4.71,0.00,0.00,844,596,9.93
2026352035,4/30/2016,4729,1506,594,233,0,0,0.00,2.93,0.00,0.00,827,613,10.22
2026352035,5/1/2016,3609,1447,716,191,0,0,0.00,2.28,0.00,0.00,907,533,8.88
2026352035,5/2/2016,7018,1690,716,355,0,0,0.00,4.35,0.00,0.00,1071,369,6.15
2026352035,5/3/2016,5992,1604,981,304,0,0,0.00,3.72,0.00,0.00,1285,155,2.58
2026352035,5/4/2016,6564,1658,530,345,0,0,0.00,4.07,0.00,0.00,875,565,9.42
2026352035,5/5/2016,12167,1926,479,475,0,0,0.00,7.54,0.00,0.00,954,486,8.10
2026352035,5/6/2016,8198,1736,511,383,0,0,0.00,5.08,0.00,0.00,894,546,9.10
2026352035,5/7/2016,4193,1491,665,229,0,0,0.00,2.60,0.00,0.00,894,546,9.10
2026352035,5/8/2016,5528,1555,610,258,0,0,0.00,3.45,0.00,0.00,868,572,9.53
2026352035,5/9/2016,10685,1869,543,401,0,0,0.00,6.60,0.00,0.00,944,496,8.27
2026352035,5/10/2016,254,1141,1002,17,0,0,0.00,0.16,0.00,0.00,1019,421,7.02
2026352035,5/11/2016,8580,1698,569,330,0,0,0.00,5.32,0.00,0.00,899,541,9.02
2026352035,5/12/2016,8891,1364,330,343,0,0,0.00,5.51,0.00,0.00,673,767,12.78
2320127002,4/12/2016,10725,2124,1112,306,9,13,0.00,6.01,0.31,1.17,1440,0,0.00
2320127002,4/13/2016,7275,2003,1105,335,0,0,0.00,4.90,0.00,0.00,1440,0,0.00
2320127002,4/14/2016,3973,1696,1249,191,0,0,0.00,2.68,0.00,0.00,1440,0,0.00
2320127002,4/15/2016,5205,1801,1195,245,0,0,0.00,3.51,0.00,0.00,1440,0,0.00
2320127002,4/16/2016,5057,1724,1245,195,0,0,0.00,3.40,0.00,0.00,1440,0,0.00
2320127002,4/17/2016,6198,1852,1191,249,0,0,0.00,4.18,0.00,0.00,1440,0,0.00
2320127002,4/18/2016,6559,1905,1173,260,7,0,0.00,4.14,0.26,0.00,1440,0,0.00
2320127002,4/19/2016,5997,1811,1201,228,11,0,0.00,3.66,0.38,0.00,1440,0,0.00
2320127002,4/20/2016,7192,1922,1146,283,11,0,0.00,4.34,0.49,0.00,1440,0,0.00
2320127002,4/21/2016,3404,1610,1302,127,10,1,0.00,1.81,0.42,0.06,1440,0,0.00
2320127002,4/22/2016,5583,1851,1174,266,0,0,0.00,3.76,0.00,0.00,1440,0,0.00
2320127002,4/23/2016,5079,1804,1129,242,0,0,0.00,3.42,0.00,0.00,1371,69,1.15
2320127002,4/24/2016,4165,1725,1236,204,0,0,0.00,2.80,0.00,0.00,1440,0,0.00
2320127002,4/25/2016,3588,1654,1280,152,5,3,0.00,1.99,0.20,0.23,1440,0,0.00
2320127002,4/26/2016,3409,1632,1293,147,0,0,0.00,2.30,0.00,0.00,1440,0,0.00
2320127002,4/27/2016,1715,1481,1358,82,0,0,0.00,1.16,0.00,0.00,1440,0,0.00
2320127002,4/28/2016,1532,1473,1364,76,0,0,0.00,1.03,0.00,0.00,1440,0,0.00
2320127002,4/29/2016,924,1410,1395,45,0,0,0.00,0.62,0.00,0.00,1440,0,0.00
2320127002,4/30/2016,4571,1779,1206,234,0,0,0.00,3.07,0.00,0.00,1440,0,0.00
2320127002,5/1/2016,772,1403,1400,40,0,0,0.00,0.52,0.00,0.00,1440,0,0.00
2320127002,5/2/2016,3634,1613,1306,123,6,5,0.00,1.88,0.21,0.36,1440,0,0.00
2320127002,5/3/2016,7443,1878,1204,206,10,20,0.00,3.16,0.37,1.49,1440,0,0.00
2320127002,5/4/2016,1201,1426,1388,52,0,0,0.00,0.81,0.00,0.00,1440,0,0.00
2320127002,5/5/2016,5202,1780,1206,223,11,0,0.00,3.11,0.39,0.00,1440,0,0.00
2320127002,5/6/2016,4878,1742,1236,204,0,0,0.00,3.29,0.00,0.00,1440,0,0.00
2320127002,5/7/2016,7379,1972,1121,319,0,0,0.00,4.97,0.00,0.00,1440,0,0.00
2320127002,5/8/2016,5161,1821,1193,247,0,0,0.00,3.47,0.00,0.00,1440,0,0.00
2320127002,5/9/2016,3090,1630,1295,145,0,0,0.00,2.08,0.00,0.00,1440,0,0.00
2320127002,5/10/2016,6227,1899,1150,290,0,0,0.00,4.20,0.00,0.00,1440,0,0.00
2320127002,5/11/2016,6424,1903,1140,300,0,0,0.00,4.33,0.00,0.00,1440,0,0.00
2320127002,5/12/2016,2661,1125,830,128,0,0,0.00,1.79,0.00,0.00,958,482,8.03
2347167796,4/12/2016,10113,2344,964,320,13,28,0.00,4.20,0.62,2.00,1325,115,1.92
2347167796,4/13/2016,10352,2038,676,195,32,19,0.00,3.41,1.94,1.66,922,518,8.63
2347167796,4/14/2016,10129,2010,705,206,48,1,0.00,3.94,2.74,0.02,960,480,8.00
2347167796,4/15/2016,10465,2133,720,284,24,1,0.00,5.43,1.42,0.07,1029,411,6.85
2347167796,4/16/2016,22244,2670,968,268,72,66,0.00,5.53,4.10,5.45,1374,66,1.10
2347167796,4/17/2016,5472,1882,508,249,7,1,0.00,3.26,0.28,0.08,765,675,11.25
2347167796,4/18/2016,8247,1944,678,206,16,11,0.00,3.79,0.86,0.79,911,529,8.82
2347167796,4/19/2016,6711,2346,648,382,7,0,0.00,4.44,0.00,0.00,1037,403,6.72
2347167796,4/20/2016,10999,2198,1011,269,43,11,0.00,4.78,1.81,0.68,1334,106,1.77
2347167796,4/21/2016,10080,2048,761,208,26,23,0.00,3.38,1.53,1.85,1018,422,7.03
2347167796,4/22/2016,7804,1946,781,206,27,9,0.00,2.92,1.68,0.56,1023,417,6.95
2347167796,4/23/2016,16901,2629,591,360,35,32,0.00,7.15,1.45,2.78,1018,422,7.03
2347167796,4/24/2016,9471,2187,584,360,0,0,0.00,6.26,0.00,0.00,944,496,8.27
2347167796,4/25/2016,9482,2095,653,277,11,15,0.00,4.60,0.52,1.27,956,484,8.07
2347167796,4/26/2016,5980,1861,732,227,0,0,0.00,3.95,0.00,0.00,959,481,8.02
2347167796,4/27/2016,11423,2194,623,295,9,26,0.00,5.32,0.40,1.86,953,487,8.12
2347167796,4/28/2016,5439,1854,764,229,0,0,0.00,3.60,0.00,0.00,993,447,7.45
2347167796,4/29/2016,42,403,2,4,0,0,0.00,0.03,0.00,0.00,6,1434,23.90
2873212765,4/12/2016,8796,1982,1061,356,21,2,0.00,4.88,0.93,0.11,1440,0,0.00
2873212765,4/13/2016,7618,2004,1028,404,8,0,0.02,4.88,0.22,0.00,1440,0,0.00
2873212765,4/14/2016,7910,1893,1109,331,0,0,0.00,5.32,0.00,0.00,1440,0,0.00
2873212765,4/15/2016,8482,2063,992,448,0,0,0.01,5.69,0.00,0.00,1440,0,0.00
2873212765,4/16/2016,9685,2148,1087,305,1,47,0.01,3.51,0.02,3.11,1440,0,0.00
2873212765,4/17/2016,2524,1529,1272,160,8,0,0.00,1.34,0.35,0.00,1440,0,0.00
2873212765,4/18/2016,7762,1890,1122,311,6,1,0.00,4.89,0.28,0.07,1440,0,0.00
2873212765,4/19/2016,7948,1956,1051,389,0,0,0.00,5.36,0.00,0.00,1440,0,0.00
2873212765,4/20/2016,9202,2094,1035,378,5,22,0.01,4.66,0.12,1.51,1440,0,0.00
2873212765,4/21/2016,8859,1970,1057,371,10,2,0.01,5.47,0.37,0.13,1440,0,0.00
2873212765,4/22/2016,7286,2241,1028,366,0,46,0.02,4.42,0.00,0.46,1440,0,0.00
2873212765,4/23/2016,9317,2021,1077,330,5,28,0.01,4.02,0.23,2.09,1440,0,0.00
2873212765,4/24/2016,6873,1898,1203,190,1,46,0.00,1.62,0.06,3.00,1440,0,0.00
2873212765,4/25/2016,7373,1907,1081,359,0,0,0.00,4.95,0.00,0.00,1440,0,0.00
2873212765,4/26/2016,8242,1882,1124,309,5,2,0.00,5.24,0.18,0.12,1440,0,0.00
2873212765,4/27/2016,3516,1966,1197,197,0,46,0.00,2.36,0.00,0.00,1440,0,0.00
2873212765,4/28/2016,7913,1835,1192,213,7,28,0.00,2.91,0.34,2.16,1440,0,0.00
2873212765,4/29/2016,7365,1780,1191,206,23,20,0.00,2.18,1.41,1.36,1440,0,0.00
2873212765,4/30/2016,8452,1830,1167,248,20,5,0.01,4.26,1.08,0.33,1440,0,0.00
2873212765,5/1/2016,7399,1739,1219,196,18,7,0.00,3.44,1.04,0.49,1440,0,0.00
2873212765,5/2/2016,7525,1878,1099,334,7,0,0.02,4.83,0.21,0.00,1440,0,0.00
2873212765,5/3/2016,7412,1906,1070,363,6,1,0.01,4.66,0.25,0.06,1440,0,0.00
2873212765,5/4/2016,8278,2015,1020,420,0,0,0.00,5.56,0.00,0.00,1440,0,0.00
2873212765,5/5/2016,8314,1971,1093,311,23,13,0.00,4.03,0.80,0.78,1440,0,0.00
2873212765,5/6/2016,7063,1910,1065,370,5,0,0.01,4.61,0.12,0.00,1440,0,0.00
2873212765,5/7/2016,4940,1897,1302,52,11,75,0.00,0.55,0.55,2.28,1440,0,0.00
2873212765,5/8/2016,8168,2096,1068,326,0,46,0.00,2.64,0.00,2.90,1440,0,0.00
2873212765,5/9/2016,7726,1906,1095,345,0,0,0.00,5.19,0.00,0.00,1440,0,0.00
2873212765,5/10/2016,8275,1962,1067,373,0,0,0.01,5.55,0.00,0.00,1440,0,0.00
2873212765,5/11/2016,6440,1826,1121,319,0,0,0.01,4.32,0.00,0.00,1440,0,0.00
2873212765,5/12/2016,7566,1431,720,268,0,0,0.00,5.11,0.00,0.00,988,452,7.53
3372868164,4/12/2016,4747,1788,1160,280,0,0,0.01,3.23,0.00,0.00,1440,0,0.00
3372868164,4/13/2016,9715,2093,1045,371,8,16,0.02,5.27,0.34,0.99,1440,0,0.00
3372868164,4/14/2016,8844,2065,1039,370,25,6,0.01,4.65,1.03,0.34,1440,0,0.00
3372868164,4/15/2016,7451,1908,1105,335,0,0,0.02,5.06,0.00,0.00,1440,0,0.00
3372868164,4/16/2016,6905,1908,1084,356,0,0,0.03,4.70,0.00,0.00,1440,0,0.00
3372868164,4/17/2016,8199,1964,1105,322,2,11,0.01,4.36,0.10,1.41,1440,0,0.00
3372868164,4/18/2016,6798,2014,1070,343,7,20,0.00,3.35,0.20,1.08,1440,0,0.00
3372868164,4/19/2016,7711,1985,1064,376,0,0,0.02,5.24,0.00,0.00,1440,0,0.00
3372868164,4/20/2016,4880,1867,1148,274,3,15,0.02,2.38,0.09,0.84,1440,0,0.00
3372868164,4/21/2016,8857,2124,1037,376,9,18,0.01,4.64,0.26,1.15,1440,0,0.00
3372868164,4/22/2016,3843,1669,1234,206,0,0,0.01,2.61,0.00,0.00,1440,0,0.00
3372868164,4/23/2016,7396,1995,1115,303,2,20,0.00,3.58,0.08,1.40,1440,0,0.00
3372868164,4/24/2016,6731,1921,1127,292,7,14,0.02,3.49,0.19,0.89,1440,0,0.00
3372868164,4/25/2016,5995,2010,1024,416,0,0,0.00,4.09,0.00,0.00,1440,0,0.00
3372868164,4/26/2016,8283,2057,1083,333,2,22,0.01,3.87,0.05,1.85,1440,0,0.00
3372868164,4/27/2016,7904,2095,1057,346,13,24,0.01,3.19,0.63,1.58,1440,0,0.00
3372868164,4/28/2016,5512,1972,1055,385,0,0,0.00,3.76,0.00,0.00,1440,0,0.00
3372868164,4/29/2016,9135,2044,1038,402,0,0,0.01,6.22,0.00,0.00,1440,0,0.00
3372868164,4/30/2016,5250,1946,1119,300,4,17,0.01,2.42,0.09,1.06,1440,0,0.00
3372868164,5/1/2016,3077,1237,842,172,0,0,0.00,2.09,0.00,0.00,1014,426,7.10
3977333714,4/12/2016,8856,1450,777,131,19,44,0.00,2.01,0.91,3.06,971,469,7.82
3977333714,4/13/2016,10035,1495,754,153,46,31,0.00,2.55,2.13,2.03,984,456,7.60
3977333714,4/14/2016,7641,1433,801,214,23,5,0.00,3.82,0.97,0.32,1043,397,6.62
3977333714,4/15/2016,9010,1468,644,183,42,15,0.00,3.26,1.75,1.05,884,556,9.27
3977333714,4/16/2016,13459,1625,663,153,83,31,0.00,2.97,4.00,2.03,930,510,8.50
3977333714,4/17/2016,10415,1529,600,205,58,11,0.00,3.92,2.35,0.70,874,566,9.43
3977333714,4/18/2016,11663,1584,605,214,95,4,0.00,3.82,3.73,0.25,918,522,8.70
3977333714,4/19/2016,12414,1638,738,221,67,19,0.00,3.96,2.45,2.24,1045,395,6.58
3977333714,4/20/2016,11658,1554,845,164,98,2,0.00,3.28,4.35,0.20,1109,331,5.52
3977333714,4/21/2016,6093,1397,712,242,0,0,0.00,4.06,0.00,0.00,954,486,8.10
3977333714,4/22/2016,8911,1481,731,188,12,33,0.00,3.06,0.58,2.33,964,476,7.93
3977333714,4/23/2016,12058,1638,724,252,92,0,0.00,3.85,4.22,0.00,1068,372,6.20
3977333714,4/24/2016,14112,1655,660,129,95,30,0.00,2.17,4.56,3.27,914,526,8.77
3977333714,4/25/2016,11177,1570,781,133,9,50,0.00,2.41,0.43,5.62,973,467,7.78
3977333714,4/26/2016,11388,1551,797,170,95,7,0.00,2.95,4.22,0.45,1069,371,6.18
3977333714,4/27/2016,7193,1377,714,176,10,0,0.00,4.62,0.42,0.00,900,540,9.00
3977333714,4/28/2016,7114,1407,804,190,8,15,0.00,3.22,0.29,1.37,1017,423,7.05
3977333714,4/29/2016,10645,1545,744,150,32,36,0.00,2.71,1.30,3.74,962,478,7.97
3977333714,4/30/2016,13238,1650,687,194,52,43,0.00,3.41,2.10,3.69,976,464,7.73
3977333714,5/1/2016,10414,1501,691,124,40,41,0.00,2.41,1.98,2.67,896,544,9.07
3977333714,5/2/2016,16520,1760,713,176,143,24,0.00,3.02,6.48,1.54,1056,384,6.40
3977333714,5/3/2016,14335,1710,594,258,41,47,0.00,4.53,1.74,3.32,940,500,8.33
3977333714,5/4/2016,13559,1628,852,142,96,14,0.00,2.89,4.58,1.81,1104,336,5.60
3977333714,5/5/2016,12312,1618,680,178,88,14,0.00,2.71,4.11,1.76,960,480,8.00
3977333714,5/6/2016,11677,1590,676,168,55,29,0.00,2.67,2.51,3.11,928,512,8.53
3977333714,5/7/2016,11550,1574,703,208,86,0,0.00,3.59,4.13,0.00,997,443,7.38
3977333714,5/8/2016,13585,1633,688,171,116,9,0.00,3.17,5.24,0.68,984,456,7.60
3977333714,5/9/2016,14687,1667,1159,151,122,8,0.00,3.55,5.60,0.77,1440,0,0.00
3977333714,5/10/2016,13072,1630,676,196,115,1,0.00,3.31,5.40,0.07,988,452,7.53
3977333714,5/11/2016,746,52,13,9,0,4,0.00,0.13,0.00,0.37,26,1414,23.57
4020332650,4/12/2016,8539,3654,712,331,15,4,0.00,5.68,0.24,0.15,1062,378,6.30
4020332650,4/13/2016,0,1981,1440,0,0,0,0.00,0.00,0.00,0.00,1440,0,0.00
4020332650,4/14/2016,108,2011,1437,3,0,0,0.00,0.03,0.00,0.00,1440,0,0.00
4020332650,4/15/2016,1882,2951,1299,87,18,36,0.00,0.77,0.36,0.21,1440,0,0.00
4020332650,4/16/2016,1982,3051,1222,55,21,65,0.00,0.59,0.37,0.45,1363,77,1.28
4020332650,4/17/2016,16,1990,1438,2,0,0,0.00,0.01,0.00,0.00,1440,0,0.00
4020332650,4/18/2016,62,1995,1438,2,0,0,0.00,0.04,0.00,0.00,1440,0,0.00
4020332650,4/19/2016,0,1980,1440,0,0,0,0.00,0.00,0.00,0.00,1440,0,0.00
4020332650,4/20/2016,0,1980,1440,0,0,0,0.00,0.00,0.00,0.00,1440,0,0.00
4020332650,4/21/2016,0,1980,1440,0,0,0,0.00,0.00,0.00,0.00,1440,0,0.00
4020332650,4/22/2016,0,1980,1440,0,0,0,0.00,0.00,0.00,0.00,1440,0,0.00
4020332650,4/23/2016,0,1980,1440,0,0,0,0.00,0.00,0.00,0.00,1440,0,0.00
4020332650,4/24/2016,0,1980,1440,0,0,0,0.00,0.00,0.00,0.00,1440,0,0.00
4020332650,4/25/2016,0,1980,1440,0,0,0,0.00,0.00,0.00,0.00,1440,0,0.00
4020332650,4/26/2016,0,1980,1440,0,0,0,0.00,0.00,0.00,0.00,1440,0,0.00
4020332650,4/27/2016,0,1980,1440,0,0,0,0.00,0.00,0.00,0.00,1440,0,0.00
4020332650,4/28/2016,0,1980,1440,0,0,0,0.00,0.00,0.00,0.00,1440,0,0.00
4020332650,4/29/2016,0,1980,1440,0,0,0,0.00,0.00,0.00,0.00,1440,0,0.00
4020332650,4/30/2016,0,1980,1440,0,0,0,0.00,0.00,0.00,0.00,1440,0,0.00
4020332650,5/1/2016,0,1980,1440,0,0,0,0.00,0.00,0.00,0.00,1440,0,0.00
4020332650,5/2/2016,475,2207,1350,31,11,0,0.00,0.29,0.04,0.00,1392,48,0.80
4020332650,5/3/2016,4496,2828,950,174,0,0,0.05,3.15,0.00,0.00,1124,316,5.27
4020332650,5/4/2016,10252,3879,531,346,46,13,0.00,5.58,1.04,0.67,936,504,8.40
4020332650,5/5/2016,11728,3429,916,196,42,38,0.07,4.04,1.68,2.62,1192,248,4.13
4020332650,5/6/2016,4369,2704,855,177,0,0,0.01,3.10,0.00,0.00,1032,408,6.80
4020332650,5/7/2016,6132,2975,1256,184,0,0,0.00,3.58,0.00,0.00,1440,0,0.00
4020332650,5/8/2016,5862,3089,775,263,0,0,0.00,4.15,0.00,0.00,1038,402,6.70
4020332650,5/9/2016,4556,2785,1225,173,5,3,0.00,2.94,0.12,0.20,1406,34,0.57
4020332650,5/10/2016,5546,2926,774,206,0,0,0.04,3.87,0.00,0.00,980,460,7.67
4020332650,5/11/2016,3689,2645,1296,134,8,2,0.00,2.33,0.17,0.11,1440,0,0.00
4020332650,5/12/2016,590,1120,721,21,0,0,0.00,0.41,0.00,0.00,742,698,11.63
4057192912,4/12/2016,5394,2286,1276,164,0,0,0.00,3.94,0.00,0.00,1440,0,0.00
4057192912,4/13/2016,5974,2306,1280,160,0,0,0.00,4.37,0.00,0.00,1440,0,0.00
4057192912,4/14/2016,0,1776,1440,0,0,0,0.00,0.00,0.00,0.00,1440,0,0.00
4057192912,4/15/2016,3984,1527,873,88,6,3,0.00,2.44,0.26,0.21,970,470,7.83
4319703577,4/12/2016,7753,2115,1440,0,0,0,0.00,0.00,0.00,0.00,1440,0,0.00
4319703577,4/13/2016,8204,2135,1234,96,15,8,0.00,1.31,0.59,0.53,1353,87,1.45
4319703577,4/14/2016,10210,2302,589,339,9,1,0.00,6.44,0.33,0.11,938,502,8.37
4319703577,4/15/2016,5664,1985,752,228,0,0,0.00,3.80,0.00,0.00,980,460,7.67
4319703577,4/16/2016,4744,1884,724,194,0,0,0.00,3.18,0.00,0.00,918,522,8.70
4319703577,4/17/2016,29,1464,1363,3,0,0,0.00,0.02,0.00,0.00,1366,74,1.23
4319703577,4/18/2016,2276,1632,824,58,9,1,0.00,1.12,0.33,0.07,892,548,9.13
4319703577,4/19/2016,8925,2200,604,311,0,0,0.00,5.99,0.00,0.00,915,525,8.75
4319703577,4/20/2016,8954,2220,671,306,18,0,0.00,5.31,0.68,0.00,995,445,7.42
4319703577,4/21/2016,3702,1792,1265,34,0,0,0.00,0.35,0.00,0.00,1299,141,2.35
4319703577,4/22/2016,4500,1886,709,176,19,1,0.00,2.15,0.81,0.06,905,535,8.92
4319703577,4/23/2016,4935,1945,546,233,0,0,0.00,3.31,0.00,0.00,779,661,11.02
4319703577,4/24/2016,4081,1880,692,191,5,1,0.00,2.47,0.20,0.06,889,551,9.18
4319703577,4/25/2016,9259,2314,544,390,8,0,0.00,5.93,0.28,0.00,942,498,8.30
4319703577,4/26/2016,9899,2236,649,288,21,8,0.00,5.15,0.92,0.57,966,474,7.90
4319703577,4/27/2016,10780,2324,680,300,47,6,0.00,4.91,1.92,0.41,1033,407,6.78
4319703577,4/28/2016,10817,2367,552,359,8,13,0.00,5.94,0.33,1.01,932,508,8.47
4319703577,4/29/2016,7990,2175,624,289,18,6,0.00,4.12,0.79,0.45,937,503,8.38
4319703577,4/30/2016,8221,2092,695,196,38,6,0.00,3.51,1.61,0.40,935,505,8.42
4319703577,5/1/2016,1251,1593,836,67,0,0,0.00,0.84,0.00,0.00,903,537,8.95
4319703577,5/2/2016,9261,2270,585,344,11,0,0.00,5.71,0.44,0.00,940,500,8.33
4319703577,5/3/2016,9648,2235,669,287,26,8,0.00,4.83,1.07,0.58,990,450,7.50
4319703577,5/4/2016,10429,2282,1106,313,13,8,0.00,5.85,0.58,0.59,1440,0,0.00
4319703577,5/5/2016,13658,2530,957,328,34,27,0.00,5.45,1.41,2.63,1346,94,1.57
4319703577,5/6/2016,9524,2266,692,314,11,6,0.00,5.46,0.47,0.41,1023,417,6.95
4319703577,5/7/2016,7937,2158,586,279,28,3,0.00,4.08,1.05,0.19,896,544,9.07
4319703577,5/8/2016,3672,1792,603,153,0,0,0.00,2.46,0.00,0.00,756,684,11.40
4319703577,5/9/2016,10378,2345,490,374,14,2,0.00,6.25,0.56,0.14,880,560,9.33
4319703577,5/10/2016,9487,2260,555,329,12,3,0.00,5.70,0.46,0.21,899,541,9.02
4319703577,5/11/2016,9129,2232,574,311,18,3,0.00,5.18,0.74,0.20,906,534,8.90
4319703577,5/12/2016,17,257,0,2,0,0,0.00,0.01,0.00,0.00,2,1438,23.97
4388161847,4/12/2016,10122,2955,1440,0,0,0,0.00,0.00,0.00,0.00,1440,0,0.00
4388161847,4/13/2016,10993,3092,1275,150,14,1,0.00,3.88,0.63,0.06,1440,0,0.00
4388161847,4/14/2016,8863,2998,945,219,35,10,0.00,5.62,1.07,0.13,1209,231,3.85
4388161847,4/15/2016,8758,3066,837,299,0,0,0.00,6.73,0.00,0.00,1136,304,5.07
4388161847,4/16/2016,6580,3073,609,253,9,6,0.00,4.45,0.40,0.21,877,563,9.38
4388161847,4/17/2016,4660,2572,721,201,0,0,0.00,3.58,0.00,0.00,922,518,8.63
4388161847,4/18/2016,11009,3274,1017,239,8,27,0.00,5.14,0.40,3.56,1291,149,2.48
4388161847,4/19/2016,10181,3015,704,249,16,20,0.00,5.77,0.69,1.37,989,451,7.52
4388161847,4/20/2016,10553,3083,696,228,42,19,0.00,5.29,1.72,1.10,985,455,7.58
4388161847,4/21/2016,10055,3069,853,272,12,7,0.00,6.98,0.39,0.37,1144,296,4.93
4388161847,4/22/2016,12139,3544,945,220,25,77,0.00,4.92,1.11,3.30,1267,173,2.88
4388161847,4/23/2016,13236,3306,749,215,5,58,0.00,5.35,0.32,4.50,1027,413,6.88
4388161847,4/24/2016,10243,2885,584,239,8,14,0.00,6.30,0.51,1.08,845,595,9.92
4388161847,4/25/2016,12961,3288,1054,301,31,11,0.00,7.84,1.40,0.73,1397,43,0.72
4388161847,4/26/2016,9461,2929,673,224,23,14,0.00,5.27,1.06,0.94,934,506,8.43
4388161847,4/27/2016,11193,3074,684,241,48,11,0.00,5.39,2.51,0.70,984,456,7.60
4388161847,4/28/2016,10074,2969,878,234,9,19,0.00,6.03,0.43,1.29,1140,300,5.00
4388161847,4/29/2016,9232,2979,1175,236,16,13,0.00,5.42,0.89,0.80,1440,0,0.00
4388161847,4/30/2016,12533,3283,537,300,43,14,0.00,6.94,2.00,0.70,894,546,9.10
4388161847,5/1/2016,10255,2926,579,241,15,12,0.00,6.20,0.68,1.01,847,593,9.88
4388161847,5/2/2016,10096,3147,935,204,4,33,0.00,4.55,0.08,3.77,1176,264,4.40
4388161847,5/3/2016,12727,3290,984,306,18,18,0.00,7.88,0.78,1.13,1326,114,1.90
4388161847,5/4/2016,12375,3162,632,251,21,35,0.00,5.80,0.93,2.79,939,501,8.35
4388161847,5/5/2016,9603,2899,896,199,39,12,0.00,5.09,1.67,0.63,1146,294,4.90
4388161847,5/6/2016,13175,3425,1100,262,45,33,0.00,5.93,2.09,2.11,1440,0,0.00
4388161847,5/7/2016,22770,4022,508,260,56,120,0.00,5.33,2.77,9.45,944,496,8.27
4388161847,5/8/2016,17298,3934,576,178,38,107,0.00,3.23,1.26,9.89,899,541,9.02
4388161847,5/9/2016,10218,3013,1020,258,19,6,0.00,6.79,0.73,0.34,1303,137,2.28
4388161847,5/10/2016,10299,3061,648,267,14,13,0.00,6.46,0.65,0.81,942,498,8.30
4388161847,5/11/2016,10201,2954,858,256,18,8,0.00,6.53,0.79,0.53,1140,300,5.00
4388161847,5/12/2016,3369,1623,825,108,0,0,0.00,2.59,0.00,0.00,933,507,8.45
4445114986,4/12/2016,3276,2113,787,196,0,0,0.00,2.20,0.00,0.00,983,457,7.62
4445114986,4/13/2016,2961,2095,840,194,0,0,0.00,1.99,0.00,0.00,1034,406,6.77
4445114986,4/14/2016,3974,2194,717,231,0,0,0.00,2.67,0.00,0.00,948,492,8.20
4445114986,4/15/2016,7198,2496,711,350,0,0,0.00,4.83,0.00,0.00,1061,379,6.32
4445114986,4/16/2016,3945,2180,716,225,0,0,0.00,2.65,0.00,0.00,941,499,8.32
4445114986,4/17/2016,2268,1933,1219,114,0,0,0.00,1.52,0.00,0.00,1333,107,1.78
4445114986,4/18/2016,6155,2248,1247,162,6,25,0.00,1.95,0.29,2.00,1440,0,0.00
4445114986,4/19/2016,2064,1954,895,121,0,0,0.00,1.39,0.00,0.00,1016,424,7.07
4445114986,4/20/2016,2072,1974,841,137,0,0,0.00,1.39,0.00,0.00,978,462,7.70
4445114986,4/21/2016,3809,2150,756,215,0,0,0.00,2.54,0.00,0.00,971,469,7.82
4445114986,4/22/2016,6831,2432,706,317,0,0,0.00,4.58,0.00,0.00,1023,417,6.95
4445114986,4/23/2016,4363,2149,1239,201,0,0,0.00,2.93,0.00,0.00,1440,0,0.00
4445114986,4/24/2016,5002,2247,1196,244,0,0,0.00,3.36,0.00,0.00,1440,0,0.00
4445114986,4/25/2016,3385,2070,916,179,0,0,0.00,2.27,0.00,0.00,1095,345,5.75
4445114986,4/26/2016,6326,2291,839,180,1,29,0.00,1.96,0.04,2.41,1049,391,6.52
4445114986,4/27/2016,7243,2361,839,194,1,32,0.00,2.38,0.03,2.62,1066,374,6.23
4445114986,4/28/2016,4493,2203,762,236,0,0,0.00,3.01,0.00,0.00,998,442,7.37
4445114986,4/29/2016,4676,2196,1106,226,0,0,0.00,3.13,0.00,0.00,1332,108,1.80
4445114986,4/30/2016,6222,2363,797,290,0,0,0.00,4.18,0.00,0.00,1087,353,5.88
4445114986,5/1/2016,5232,2246,741,240,0,0,0.00,3.51,0.00,0.00,981,459,7.65
4445114986,5/2/2016,6910,2336,667,200,4,27,0.00,2.35,0.19,2.21,898,542,9.03
4445114986,5/3/2016,7502,2421,725,233,2,30,0.00,2.58,0.11,2.48,990,450,7.50
4445114986,5/4/2016,2923,2070,897,180,0,0,0.00,1.96,0.00,0.00,1077,363,6.05
4445114986,5/5/2016,3800,2120,734,185,6,2,0.00,2.18,0.24,0.12,927,513,8.55
4445114986,5/6/2016,4514,2211,809,229,0,0,0.00,3.03,0.00,0.00,1038,402,6.70
4445114986,5/7/2016,5183,2123,866,108,4,26,0.00,1.25,0.19,2.13,1004,436,7.27
4445114986,5/8/2016,7303,2423,733,308,8,0,0.00,4.65,0.25,0.00,1049,391,6.52
4445114986,5/9/2016,5275,2281,641,266,0,0,0.00,3.54,0.00,0.00,907,533,8.88
4445114986,5/10/2016,3915,2181,783,231,0,0,0.00,2.63,0.00,0.00,1014,426,7.10
4445114986,5/11/2016,9105,2499,622,232,22,34,0.00,2.86,1.00,2.25,910,530,8.83
4445114986,5/12/2016,768,1212,380,58,0,0,0.00,0.52,0.00,0.00,438,1002,16.70
4558609924,4/12/2016,5135,1909,1122,318,0,0,0.00,3.39,0.00,0.00,1440,0,0.00
4558609924,4/13/2016,4978,1722,1287,127,7,19,0.00,1.61,0.44,1.24,1440,0,0.00
4558609924,4/14/2016,6799,1922,1161,279,0,0,0.00,4.49,0.00,0.00,1440,0,0.00
4558609924,4/15/2016,7795,2121,1131,262,30,17,0.00,3.73,0.84,0.59,1440,0,0.00
4558609924,4/16/2016,7289,1997,1112,308,12,8,0.00,3.50,0.75,0.55,1440,0,0.00
4558609924,4/17/2016,9634,2117,1110,304,19,7,0.00,4.71,1.14,0.55,1440,0,0.00
4558609924,4/18/2016,8940,2116,1080,331,15,14,0.00,4.00,0.93,0.98,1440,0,0.00
4558609924,4/19/2016,5401,1876,1182,248,9,1,0.00,3.16,0.36,0.05,1440,0,0.00
4558609924,4/20/2016,4803,1788,1218,222,0,0,0.00,3.17,0.00,0.00,1440,0,0.00
4558609924,4/21/2016,13743,2486,844,432,21,6,0.00,7.70,0.97,0.42,1303,137,2.28
4558609924,4/22/2016,9601,2094,1122,273,25,20,0.00,3.47,1.50,1.37,1440,0,0.00
4558609924,4/23/2016,6890,2085,1122,308,5,5,0.00,4.01,0.20,0.34,1440,0,0.00
4558609924,4/24/2016,8563,2173,1045,395,0,0,0.00,5.65,0.00,0.00,1440,0,0.00
4558609924,4/25/2016,8095,2225,993,340,10,18,0.00,4.51,0.25,0.59,1361,79,1.32
4558609924,4/26/2016,9148,2223,1062,283,41,12,0.00,3.59,2.03,0.43,1398,42,0.70
4558609924,4/27/2016,9557,2098,1087,312,14,27,0.00,3.46,0.89,1.96,1440,0,0.00
4558609924,4/28/2016,9451,2185,985,367,11,1,0.00,5.95,0.27,0.02,1364,76,1.27
4558609924,4/29/2016,7833,1918,1096,197,29,15,0.00,2.31,1.85,1.02,1337,103,1.72
4558609924,4/30/2016,10319,2105,1111,293,29,7,0.00,4.46,1.89,0.47,1440,0,0.00
4558609924,5/1/2016,3428,1692,1121,190,0,0,0.00,2.27,0.00,0.00,1311,129,2.15
4558609924,5/2/2016,7891,2066,1057,383,0,0,0.00,5.22,0.00,0.00,1440,0,0.00
4558609924,5/3/2016,5267,1953,1172,237,10,21,0.00,2.60,0.28,0.60,1440,0,0.00
4558609924,5/4/2016,5232,1842,1188,252,0,0,0.00,3.46,0.00,0.00,1440,0,0.00
4558609924,5/5/2016,10611,2262,1048,370,8,14,0.00,5.51,0.50,1.01,1440,0,0.00
4558609924,5/6/2016,3755,1722,1238,202,0,0,0.00,2.48,0.00,0.00,1440,0,0.00
4558609924,5/7/2016,8237,1973,1116,233,16,23,0.00,2.83,1.00,1.61,1388,52,0.87
4558609924,5/8/2016,6543,2666,1019,238,35,66,0.00,2.02,0.50,1.80,1358,82,1.37
4558609924,5/9/2016,11451,2223,1065,339,30,6,0.00,5.52,1.62,0.43,1440,0,0.00
4558609924,5/10/2016,6435,1889,1191,220,18,11,0.00,2.39,1.12,0.74,1440,0,0.00
4558609924,5/11/2016,9108,2131,1081,324,31,4,0.00,3.94,1.82,0.26,1440,0,0.00
4558609924,5/12/2016,6307,1452,736,247,0,0,0.00,4.17,0.00,0.00,983,457,7.62
4702921684,4/12/2016,7213,2947,718,263,0,0,0.00,5.85,0.00,0.00,981,459,7.65
4702921684,4/13/2016,6877,2898,777,258,0,0,0.00,5.58,0.00,0.00,1035,405,6.75
4702921684,4/14/2016,7860,2984,772,271,0,0,0.00,6.37,0.00,0.00,1043,397,6.62
4702921684,4/15/2016,6506,2896,944,256,8,1,0.00,4.79,0.42,0.07,1209,231,3.85
4702921684,4/16/2016,11140,3328,556,335,24,3,0.00,7.54,1.25,0.24,918,522,8.70
4702921684,4/17/2016,12692,3394,437,302,66,12,0.00,5.88,3.46,0.96,817,623,10.38
4702921684,4/18/2016,9105,3013,890,191,30,22,0.00,4.07,1.49,1.82,1133,307,5.12
4702921684,4/19/2016,6708,2812,757,179,8,10,0.00,4.19,0.37,0.88,954,486,8.10
4702921684,4/20/2016,8793,3061,717,260,29,2,0.00,5.73,1.23,0.16,1008,432,7.20
4702921684,4/21/2016,6530,2729,901,144,41,4,0.00,2.94,2.05,0.31,1090,350,5.83
4702921684,4/22/2016,1664,2241,1341,72,0,0,0.00,1.35,0.00,0.00,1413,27,0.45
4702921684,4/23/2016,15126,3691,469,408,66,9,0.00,8.27,3.24,0.76,952,488,8.13
4702921684,4/24/2016,15050,3538,542,281,95,15,0.00,5.88,5.12,1.20,933,507,8.45
4702921684,4/25/2016,9167,3064,730,270,15,6,0.00,6.11,0.82,0.49,1021,419,6.98
4702921684,4/26/2016,6108,2784,765,216,8,1,0.00,4.54,0.35,0.07,990,450,7.50
4702921684,4/27/2016,7047,2908,733,238,16,1,0.00,4.78,0.80,0.09,988,452,7.53
4702921684,4/28/2016,9023,3033,738,232,9,14,0.00,5.77,0.42,1.13,993,447,7.45
4702921684,4/29/2016,9930,3165,692,267,19,12,0.00,6.07,0.92,1.06,990,450,7.50
4702921684,4/30/2016,10144,3115,728,263,36,4,0.00,5.88,2.03,0.32,1031,409,6.82
4702921684,5/1/2016,0,2017,1440,0,0,0,0.00,0.00,0.00,0.00,1440,0,0.00
4702921684,5/2/2016,7245,2859,1131,195,40,5,0.00,3.76,1.74,0.38,1371,69,1.15
4702921684,5/3/2016,9454,3145,729,313,0,0,0.00,7.67,0.00,0.00,1042,398,6.63
4702921684,5/4/2016,8161,3004,757,251,15,4,0.00,5.54,0.73,0.34,1027,413,6.88
4702921684,5/5/2016,8614,3006,745,241,5,8,0.00,6.09,0.22,0.67,999,441,7.35
4702921684,5/6/2016,6943,2859,682,207,16,1,0.00,4.87,0.66,0.08,906,534,8.90
4702921684,5/7/2016,14370,3683,577,439,46,5,0.00,8.97,2.31,0.37,1067,373,6.22
4702921684,5/8/2016,12857,3287,1019,192,125,9,0.00,3.54,6.21,0.68,1345,95,1.58
4702921684,5/9/2016,8232,2990,746,253,12,0,0.00,6.10,0.57,0.00,1011,429,7.15
4702921684,5/10/2016,10613,3172,701,262,37,1,0.00,6.65,1.88,0.08,1001,439,7.32
4702921684,5/11/2016,9810,3069,784,235,41,10,0.00,4.98,2.16,0.78,1070,370,6.17
4702921684,5/12/2016,2752,1240,241,68,0,0,0.00,2.23,0.00,0.00,309,1131,18.85
5553957443,4/12/2016,11596,2026,767,277,13,19,0.00,5.41,0.79,1.37,1076,364,6.07
5553957443,4/13/2016,4832,1718,647,226,0,0,0.00,3.16,0.00,0.00,873,567,9.45
5553957443,4/14/2016,17022,2324,693,256,41,61,0.00,4.67,2.45,4.00,1051,389,6.48
5553957443,4/15/2016,16556,2254,689,239,38,58,0.00,4.71,1.98,4.16,1024,416,6.93
5553957443,4/16/2016,5771,1831,521,288,0,0,0.00,3.77,0.00,0.00,809,631,10.52
5553957443,4/17/2016,655,1397,943,46,0,0,0.00,0.43,0.00,0.00,989,451,7.52
5553957443,4/18/2016,3727,1683,622,206,0,0,0.00,2.43,0.00,0.00,828,612,10.20
5553957443,4/19/2016,15482,2284,756,249,28,69,0.00,4.18,1.66,4.28,1102,338,5.63
5553957443,4/20/2016,2713,1570,598,148,0,0,0.00,1.77,0.00,0.00,746,694,11.57
5553957443,4/21/2016,12346,2066,801,177,42,47,0.00,2.96,2.16,2.95,1067,373,6.22
5553957443,4/22/2016,11682,2105,781,270,16,25,0.00,5.60,0.63,1.38,1092,348,5.80
5553957443,4/23/2016,4112,1776,443,272,0,0,0.00,2.68,0.00,0.00,715,725,12.08
5553957443,4/24/2016,1807,1507,582,104,0,0,0.00,1.18,0.00,0.00,686,754,12.57
5553957443,4/25/2016,10946,2033,732,201,11,51,0.00,3.69,0.57,2.93,995,445,7.42
5553957443,4/26/2016,11886,2093,750,238,18,40,0.00,4.46,0.93,2.37,1046,394,6.57
5553957443,4/27/2016,10538,1922,745,206,16,16,0.00,4.74,1.00,1.14,983,457,7.62
5553957443,4/28/2016,11393,1999,727,165,13,49,0.00,3.17,0.75,3.71,954,486,8.10
5553957443,4/29/2016,12764,2169,709,270,15,46,0.00,4.91,0.64,2.79,1040,400,6.67
5553957443,4/30/2016,1202,1463,506,84,0,0,0.00,0.78,0.00,0.00,590,850,14.17
5553957443,5/1/2016,5164,1747,436,237,0,0,0.00,3.37,0.00,0.00,673,767,12.78
5553957443,5/2/2016,9769,1996,724,227,9,23,0.00,4.90,0.41,1.06,983,457,7.62
5553957443,5/3/2016,12848,2116,812,247,29,26,0.00,5.68,1.20,1.50,1114,326,5.43
5553957443,5/4/2016,4249,1698,651,224,0,0,0.00,2.77,0.00,0.00,875,565,9.42
5553957443,5/5/2016,14331,2156,692,241,29,44,0.00,4.43,1.66,3.43,1006,434,7.23
5553957443,5/6/2016,9632,1916,761,229,9,21,0.00,4.23,0.54,1.52,1020,420,7.00
5553957443,5/7/2016,1868,1494,902,96,0,0,0.00,1.22,0.00,0.00,998,442,7.37
5553957443,5/8/2016,6083,1762,505,210,8,3,0.00,3.30,0.47,0.22,726,714,11.90
5553957443,5/9/2016,11611,2272,667,251,22,59,0.00,4.56,0.89,2.13,999,441,7.35
5553957443,5/10/2016,16358,2335,707,265,40,61,0.00,5.20,1.61,3.87,1073,367,6.12
5553957443,5/11/2016,4926,1693,628,195,0,0,0.00,3.22,0.00,0.00,823,617,10.28
5553957443,5/12/2016,3121,741,222,48,6,8,0.00,1.06,0.40,0.58,284,1156,19.27
5577150313,4/12/2016,8135,3405,728,140,16,86,0.00,2.10,0.38,3.60,970,470,7.83
5577150313,4/13/2016,5077,2551,776,144,11,15,0.00,3.25,0.22,0.32,946,494,8.23
5577150313,4/14/2016,8596,4022,662,176,30,118,0.00,2.78,0.31,3.33,986,454,7.57
5577150313,4/15/2016,12087,4005,695,199,54,115,0.00,3.56,1.60,3.92,1063,377,6.28
5577150313,4/16/2016,14269,4274,472,158,56,184,0.00,2.73,1.28,6.64,870,570,9.50
5577150313,4/17/2016,12231,4552,525,159,37,200,0.00,2.32,0.83,5.98,921,519,8.65
5577150313,4/18/2016,9893,3625,623,130,32,114,0.00,1.82,0.72,4.86,899,541,9.02
5577150313,4/19/2016,12574,3501,733,111,23,108,0.00,1.76,0.64,7.02,975,465,7.75
5577150313,4/20/2016,8330,3192,773,113,16,87,0.00,1.76,0.34,4.12,989,451,7.52
5577150313,4/21/2016,10830,4018,670,175,74,110,0.00,2.78,1.66,3.65,1029,411,6.85
5577150313,4/22/2016,9172,3329,823,200,30,62,0.00,3.30,0.79,2.42,1115,325,5.42
5577150313,4/23/2016,7638,3152,627,223,24,24,0.00,4.14,0.36,1.21,898,542,9.03
5577150313,4/24/2016,15764,4392,425,141,65,210,0.00,1.98,2.15,7.65,841,599,9.98
5577150313,4/25/2016,6393,3374,743,214,38,61,0.00,2.76,0.67,1.35,1056,384,6.40
5577150313,4/26/2016,5325,3088,759,181,32,38,0.00,2.47,0.65,0.85,1010,430,7.17
5577150313,4/27/2016,6805,3294,773,190,16,63,0.00,2.93,0.40,1.81,1042,398,6.63
5577150313,4/28/2016,9841,3580,692,141,51,99,0.00,3.01,1.17,3.25,983,457,7.62
5577150313,4/29/2016,7924,3544,739,165,36,97,0.00,2.47,0.61,2.84,1037,403,6.72
5577150313,4/30/2016,12363,4501,621,163,45,207,0.00,2.61,0.79,5.83,1036,404,6.73
5577150313,5/1/2016,13368,4546,499,178,72,194,0.00,3.24,1.44,5.31,943,497,8.28
5577150313,5/2/2016,7439,3014,732,235,20,37,0.00,4.07,0.35,1.12,1024,416,6.93
5577150313,5/3/2016,11045,3795,580,212,8,97,0.00,3.57,0.15,4.52,897,543,9.05
5577150313,5/4/2016,5206,2755,631,141,9,25,0.00,2.08,0.25,1.56,806,634,10.57
5577150313,5/5/2016,7550,3004,1153,143,21,45,0.00,2.67,0.47,2.50,1362,78,1.30
5577150313,5/6/2016,4950,2643,1304,79,16,41,0.00,1.45,0.32,1.93,1440,0,0.00
5577150313,5/7/2016,0,1819,1440,0,0,0,0.00,0.00,0.00,0.00,1440,0,0.00
5577150313,5/8/2016,0,1819,1440,0,0,0,0.00,0.00,0.00,0.00,1440,0,0.00
5577150313,5/9/2016,3421,2489,1099,70,11,34,0.00,0.99,0.14,1.43,1214,226,3.77
5577150313,5/10/2016,8869,3841,639,194,37,104,0.00,3.35,0.75,2.56,974,466,7.77
5577150313,5/11/2016,4038,1665,257,63,15,45,0.00,0.89,0.30,1.83,380,1060,17.67
6117666160,4/12/2016,0,1496,1440,0,0,0,0.00,0.00,0.00,0.00,1440,0,0.00
6117666160,4/13/2016,0,1496,1440,0,0,0,0.00,0.00,0.00,0.00,1440,0,0.00
6117666160,4/14/2016,0,1496,1440,0,0,0,0.00,0.00,0.00,0.00,1440,0,0.00
6117666160,4/15/2016,14019,2865,921,513,6,0,0.00,10.30,0.28,0.00,1440,0,0.00
6117666160,4/16/2016,14450,2828,502,518,15,7,0.00,9.48,0.85,0.58,1042,398,6.63
6117666160,4/17/2016,7150,2225,702,312,0,0,0.00,5.40,0.00,0.00,1014,426,7.10
6117666160,4/18/2016,5153,2018,759,241,0,0,0.00,3.89,0.00,0.00,1000,440,7.33
6117666160,4/19/2016,11135,2606,425,480,0,0,0.00,8.41,0.00,0.00,905,535,8.92
6117666160,4/20/2016,10449,2536,587,349,10,26,0.00,5.52,0.48,2.03,972,468,7.80
6117666160,4/21/2016,19542,4900,579,294,19,11,0.00,5.62,0.40,0.98,903,537,8.95
6117666160,4/22/2016,8206,2409,413,402,0,0,0.00,6.20,0.00,0.00,815,625,10.42
6117666160,4/23/2016,11495,2651,468,512,0,0,0.00,8.68,0.00,0.00,980,460,7.67
6117666160,4/24/2016,7623,2305,711,362,0,0,0.00,5.76,0.00,0.00,1073,367,6.12
6117666160,4/25/2016,0,1497,1440,0,0,0,0.00,0.00,0.00,0.00,1440,0,0.00
6117666160,4/26/2016,9543,2450,1077,352,7,0,0.00,6.87,0.34,0.00,1436,4,0.07
6117666160,4/27/2016,9411,2576,417,458,0,0,0.00,7.11,0.00,0.00,875,565,9.42
6117666160,4/28/2016,3403,1879,758,141,0,0,0.00,2.60,0.00,0.00,899,541,9.02
6117666160,4/29/2016,9592,2560,479,461,0,0,0.00,7.24,0.00,0.00,940,500,8.33
6117666160,4/30/2016,6987,2275,1040,343,0,0,0.00,5.28,0.00,0.00,1383,57,0.95
6117666160,5/1/2016,8915,2361,525,397,0,0,0.00,6.73,0.00,0.00,922,518,8.63
6117666160,5/2/2016,4933,2044,1204,236,0,0,0.00,3.73,0.00,0.00,1440,0,0.00
6117666160,5/3/2016,0,1496,1440,0,0,0,0.00,0.00,0.00,0.00,1440,0,0.00
6117666160,5/4/2016,2997,1902,1279,156,0,0,0.00,2.26,0.00,0.00,1435,5,0.08
6117666160,5/5/2016,9799,2636,479,487,0,0,0.00,7.40,0.00,0.00,966,474,7.90
6117666160,5/6/2016,3365,1838,673,133,0,0,0.00,2.68,0.00,0.00,806,634,10.57
6117666160,5/7/2016,7336,2469,456,412,0,0,0.00,5.54,0.00,0.00,868,572,9.53
6117666160,5/8/2016,7328,2250,517,318,0,0,0.00,5.53,0.00,0.00,835,605,10.08
6117666160,5/9/2016,4477,1248,125,197,0,0,0.00,3.38,0.00,0.00,322,1118,18.63
6290855005,4/12/2016,4562,2560,1241,199,0,0,0.00,3.45,0.00,0.00,1440,0,0.00
6290855005,4/13/2016,7142,2905,1090,350,0,0,0.01,5.39,0.00,0.00,1440,0,0.00
6290855005,4/14/2016,7671,2952,1077,363,0,0,0.03,5.77,0.00,0.00,1440,0,0.00
6290855005,4/15/2016,9501,2896,1112,328,0,0,0.01,7.17,0.00,0.00,1440,0,0.00
6290855005,4/16/2016,8301,2783,1182,258,0,0,0.01,6.27,0.00,0.00,1440,0,0.00
6290855005,4/17/2016,7851,3171,1172,225,12,31,0.00,4.00,0.79,1.14,1440,0,0.00
6290855005,4/18/2016,6885,2766,1169,271,0,0,0.02,5.19,0.00,0.00,1440,0,0.00
6290855005,4/19/2016,7142,2839,1119,321,0,0,0.01,5.39,0.00,0.00,1440,0,0.00
6290855005,4/20/2016,6361,2701,1182,258,0,0,0.01,4.80,0.00,0.00,1440,0,0.00
6290855005,4/21/2016,0,2060,1440,0,0,0,0.00,0.00,0.00,0.00,1440,0,0.00
6290855005,4/22/2016,6238,2796,1138,302,0,0,0.00,4.72,0.00,0.00,1440,0,0.00
6290855005,4/23/2016,0,2664,1407,0,0,33,0.00,0.00,0.00,0.00,1440,0,0.00
6290855005,4/24/2016,5896,2703,1182,258,0,0,0.00,4.46,0.00,0.00,1440,0,0.00
6290855005,4/25/2016,7802,2771,1180,249,3,8,0.01,5.03,0.18,0.68,1440,0,0.00
6290855005,4/26/2016,0,2060,1440,0,0,0,0.00,0.00,0.00,0.00,1440,0,0.00
6290855005,4/27/2016,5565,2743,1153,287,0,0,0.03,4.18,0.00,0.00,1440,0,0.00
6290855005,4/28/2016,5731,2687,1185,255,0,0,0.00,4.33,0.00,0.00,1440,0,0.00
6290855005,4/29/2016,0,2060,1440,0,0,0,0.00,0.00,0.00,0.00,1440,0,0.00
6290855005,4/30/2016,6744,2843,1116,324,0,0,0.01,5.09,0.00,0.00,1440,0,0.00
6290855005,5/1/2016,9837,3327,1055,282,95,8,0.02,4.00,2.75,0.66,1440,0,0.00
6290855005,5/2/2016,6781,2725,1172,268,0,0,0.02,5.11,0.00,0.00,1440,0,0.00
6290855005,5/3/2016,6047,2671,1200,240,0,0,0.00,4.57,0.00,0.00,1440,0,0.00
6290855005,5/4/2016,5832,2718,1168,272,0,0,0.01,4.40,0.00,0.00,1440,0,0.00
6290855005,5/5/2016,6339,2682,1201,239,0,0,0.00,4.79,0.00,0.00,1440,0,0.00
6290855005,5/6/2016,6116,2806,1135,305,0,0,0.03,4.59,0.00,0.00,1440,0,0.00
6290855005,5/7/2016,5510,2613,1213,227,0,0,0.00,4.16,0.00,0.00,1440,0,0.00
6290855005,5/8/2016,7706,2712,1189,251,0,0,0.00,5.82,0.00,0.00,1440,0,0.00
6290855005,5/9/2016,6277,2175,800,264,0,0,0.02,4.73,0.00,0.00,1064,376,6.27
6290855005,5/10/2016,0,0,1440,0,0,0,0.00,0.00,0.00,0.00,1440,0,0.00
6775888955,4/12/2016,0,1841,1440,0,0,0,0.00,0.00,0.00,0.00,1440,0,0.00
6775888955,4/13/2016,4053,2400,1053,85,18,17,0.00,1.22,0.58,1.11,1173,267,4.45
6775888955,4/14/2016,5162,2507,863,105,24,14,0.00,1.97,0.86,0.87,1006,434,7.23
6775888955,4/15/2016,1282,2127,976,58,0,0,0.00,0.92,0.00,0.00,1034,406,6.77
6775888955,4/16/2016,4732,2225,1377,9,18,36,0.00,0.06,0.81,2.52,1440,0,0.00
6775888955,4/17/2016,2497,2067,1392,19,24,5,0.00,0.31,1.13,0.35,1440,0,0.00
6775888955,4/18/2016,8294,2798,1233,146,31,30,0.00,3.17,0.77,2.00,1440,0,0.00
6775888955,4/19/2016,0,1841,1440,0,0,0,0.00,0.00,0.00,0.00,1440,0,0.00
6775888955,4/20/2016,10771,3727,1079,178,113,70,0.00,2.22,1.74,3.77,1440,0,0.00
6775888955,4/21/2016,0,1841,1440,0,0,0,0.00,0.00,0.00,0.00,1440,0,0.00
6775888955,4/22/2016,637,1922,1420,20,0,0,0.00,0.46,0.00,0.00,1440,0,0.00
6775888955,4/23/2016,0,1841,1440,0,0,0,0.00,0.00,0.00,0.00,1440,0,0.00
6775888955,4/24/2016,2153,2053,1400,11,18,11,0.00,0.15,0.62,0.77,1440,0,0.00
6775888955,4/25/2016,6474,2484,1302,92,13,33,0.00,1.90,0.46,2.27,1440,0,0.00
6775888955,4/26/2016,7091,2584,1321,47,30,42,0.00,0.73,0.87,3.48,1440,0,0.00
6775888955,4/27/2016,0,1841,1440,0,0,0,0.00,0.00,0.00,0.00,1440,0,0.00
6775888955,4/28/2016,703,1993,1410,15,13,2,0.00,0.24,0.20,0.06,1440,0,0.00
6775888955,4/29/2016,0,1841,1440,0,0,0,0.00,0.00,0.00,0.00,1440,0,0.00
6775888955,4/30/2016,2503,2280,1344,84,9,3,0.00,1.48,0.16,0.16,1440,0,0.00
6775888955,5/1/2016,2487,2319,1347,50,34,9,0.00,0.68,0.62,0.48,1440,0,0.00
6775888955,5/2/2016,0,1841,1440,0,0,0,0.00,0.00,0.00,0.00,1440,0,0.00
6775888955,5/3/2016,9,1843,1439,1,0,0,0.00,0.01,0.00,0.00,1440,0,0.00
6775888955,5/4/2016,0,1841,1440,0,0,0,0.00,0.00,0.00,0.00,1440,0,0.00
6775888955,5/5/2016,0,1841,1440,0,0,0,0.00,0.00,0.00,0.00,1440,0,0.00
6775888955,5/6/2016,4697,2496,1318,75,35,12,0.00,1.93,0.93,0.47,1440,0,0.00
6775888955,5/7/2016,1967,1032,551,49,5,2,0.00,1.05,0.24,0.13,607,833,13.88
6962181067,4/12/2016,10199,1994,796,189,14,50,0.00,2.51,0.83,3.40,1049,391,6.52
6962181067,4/13/2016,5652,1718,548,142,24,8,0.00,1.96,1.21,0.57,722,718,11.97
6962181067,4/14/2016,1551,1466,862,86,0,0,0.00,1.03,0.00,0.00,948,492,8.20
6962181067,4/15/2016,5563,1756,837,217,0,0,0.00,3.68,0.00,0.00,1054,386,6.43
6962181067,4/16/2016,13217,2173,741,280,3,50,0.00,4.88,0.19,3.66,1074,366,6.10
6962181067,4/17/2016,10145,2027,634,295,13,5,0.00,5.69,0.68,0.33,947,493,8.22
6962181067,4/18/2016,11404,2039,689,238,42,13,0.00,4.32,2.39,0.83,982,458,7.63
6962181067,4/19/2016,10742,2046,659,195,41,35,0.00,2.87,2.13,2.10,930,510,8.50
6962181067,4/20/2016,13928,2174,639,297,4,48,0.00,5.09,0.19,4.28,988,452,7.53
6962181067,4/21/2016,11835,2179,708,214,27,53,0.11,3.51,2.10,3.99,1002,438,7.30
6962181067,4/22/2016,10725,2086,659,240,33,30,0.00,3.77,1.55,1.77,962,478,7.97
6962181067,4/23/2016,20031,2571,484,347,41,58,0.00,7.04,2.00,4.20,930,510,8.50
6962181067,4/24/2016,5029,1705,720,199,0,0,0.00,3.32,0.00,0.00,919,521,8.68
6962181067,4/25/2016,13239,2194,637,282,31,35,0.10,4.46,1.68,3.02,985,455,7.58
6962181067,4/26/2016,10433,2012,680,254,7,36,0.00,3.90,0.42,2.58,977,463,7.72
6962181067,4/27/2016,10320,2034,697,279,38,7,0.00,4.25,2.02,0.55,1021,419,6.98
6962181067,4/28/2016,12627,2182,621,288,8,38,0.00,5.59,0.24,2.51,955,485,8.08
6962181067,4/29/2016,10762,2254,645,369,15,12,0.00,5.81,0.48,0.82,1041,399,6.65
6962181067,4/30/2016,10081,2002,731,237,16,32,0.00,3.67,0.76,2.24,1016,424,7.07
6962181067,5/1/2016,5454,1740,722,215,0,0,0.00,3.61,0.00,0.00,937,503,8.38
6962181067,5/2/2016,12912,2162,655,313,39,18,0.00,5.34,2.00,1.20,1025,415,6.92
6962181067,5/3/2016,12109,2072,654,267,36,21,0.00,4.33,2.04,1.74,978,462,7.70
6962181067,5/4/2016,10147,2086,683,284,36,15,0.00,4.55,1.68,0.47,1018,422,7.03
6962181067,5/5/2016,10524,2066,591,305,22,14,0.00,4.81,1.16,0.99,932,508,8.47
6962181067,5/6/2016,5908,1850,717,299,0,0,0.00,3.91,0.00,0.00,1016,424,7.07
6962181067,5/7/2016,6815,1947,745,328,0,0,0.00,4.50,0.00,0.00,1073,367,6.12
6962181067,5/8/2016,4188,1659,709,151,14,0,0.00,2.25,0.52,0.00,874,566,9.43
6962181067,5/9/2016,12342,2105,607,231,21,43,0.00,3.65,1.18,3.90,902,538,8.97
6962181067,5/10/2016,15448,2361,626,275,34,62,0.00,4.99,1.75,3.47,997,443,7.38
6962181067,5/11/2016,6722,1855,709,199,7,24,0.00,2.65,0.31,1.49,939,501,8.35
6962181067,5/12/2016,3587,928,127,105,8,0,0.00,2.11,0.25,0.00,240,1200,20.00
7007744171,4/12/2016,14172,2937,1024,355,8,53,0.00,5.41,0.38,4.50,1440,0,0.00
7007744171,4/13/2016,12862,2742,1101,261,22,56,0.00,4.48,0.56,4.61,1440,0,0.00
7007744171,4/14/2016,11179,2668,1096,304,6,34,0.00,4.96,0.34,2.95,1440,0,0.00
7007744171,4/15/2016,5273,2098,1238,202,0,0,0.00,3.53,0.00,0.00,1440,0,0.00
7007744171,4/16/2016,4631,2076,1155,203,0,0,0.00,3.10,0.00,0.00,1358,82,1.37
7007744171,4/17/2016,8059,2383,1135,305,0,0,0.00,5.39,0.00,0.00,1440,0,0.00
7007744171,4/18/2016,14816,2832,1077,284,31,48,0.02,5.05,2.12,3.79,1440,0,0.00
7007744171,4/19/2016,14194,2812,1066,304,17,53,0.00,5.31,0.76,4.41,1440,0,0.00
7007744171,4/20/2016,15566,3096,1000,347,33,60,0.00,5.86,0.67,4.79,1440,0,0.00
7007744171,4/21/2016,13744,2763,1049,327,34,30,0.00,5.17,1.87,2.15,1440,0,0.00
7007744171,4/22/2016,15299,2889,1065,261,50,64,0.00,4.37,1.76,4.10,1440,0,0.00
7007744171,4/23/2016,8093,2284,1190,223,25,2,0.00,4.15,1.13,0.13,1440,0,0.00
7007744171,4/24/2016,11085,2667,1021,419,0,0,0.00,7.42,0.00,0.00,1440,0,0.00
7007744171,4/25/2016,18229,3055,986,379,24,51,0.00,7.67,1.37,4.31,1440,0,0.00
7007744171,4/26/2016,15090,2939,978,424,22,16,0.00,8.23,0.94,0.93,1440,0,0.00
7007744171,4/27/2016,13541,2830,1041,337,12,50,0.00,5.29,0.66,4.27,1440,0,0.00
7007744171,4/28/2016,15128,2836,1007,401,16,16,0.00,8.26,0.77,1.09,1440,0,0.00
7007744171,4/29/2016,20067,3180,961,382,42,55,0.00,7.95,2.05,4.31,1440,0,0.00
7007744171,4/30/2016,3761,2051,1240,200,0,0,0.00,2.52,0.00,0.00,1440,0,0.00
7007744171,5/1/2016,5600,2225,1142,237,0,0,0.00,3.75,0.00,0.00,1379,61,1.02
7007744171,5/2/2016,13041,2642,1112,250,14,64,0.00,3.83,0.70,4.64,1440,0,0.00
7007744171,5/3/2016,14510,2976,1021,330,31,58,0.00,5.36,1.02,4.48,1440,0,0.00
7007744171,5/4/2016,0,1557,1440,0,0,0,0.00,0.00,0.00,0.00,1440,0,0.00
7007744171,5/5/2016,15010,2933,1047,317,23,53,0.00,5.48,1.29,4.33,1440,0,0.00
7007744171,5/6/2016,11459,2553,1136,247,13,44,0.00,3.86,0.81,3.00,1440,0,0.00
7007744171,5/7/2016,0,120,111,0,0,0,0.00,0.00,0.00,0.00,111,1329,22.15
7086361926,4/12/2016,11317,2772,745,153,6,59,0.00,2.97,0.15,5.27,963,477,7.95
7086361926,4/13/2016,5813,2516,744,155,26,31,0.00,2.84,0.21,0.56,956,484,8.07
7086361926,4/14/2016,9123,2734,787,189,32,35,0.00,3.66,0.33,2.03,1043,397,6.62
7086361926,4/15/2016,8585,2395,864,139,21,30,0.00,2.53,1.11,2.04,1054,386,6.43
7086361926,4/16/2016,31,1635,1437,3,0,0,0.00,0.01,0.00,0.00,1440,0,0.00
7086361926,4/17/2016,0,1629,1440,0,0,0,0.00,0.00,0.00,0.00,1440,0,0.00
7086361926,4/18/2016,9827,2743,1136,114,51,61,0.00,2.31,1.22,3.17,1362,78,1.30
7086361926,4/19/2016,10688,2944,671,124,69,67,0.00,2.51,1.23,3.53,931,509,8.48
7086361926,4/20/2016,14365,2997,797,145,13,87,0.00,2.54,0.45,7.64,1042,398,6.63
7086361926,4/21/2016,9469,2463,758,206,6,19,0.00,4.51,0.30,1.36,989,451,7.52
7086361926,4/22/2016,9753,2846,762,153,59,58,0.00,2.67,0.97,2.87,1032,408,6.80
7086361926,4/23/2016,2817,1965,1350,90,0,0,0.00,1.80,0.00,0.00,1440,0,0.00
7086361926,4/24/2016,3520,2049,566,125,0,0,0.00,2.15,0.00,0.00,691,749,12.48
7086361926,4/25/2016,10091,2752,706,129,39,69,0.00,2.37,0.70,3.75,943,497,8.28
7086361926,4/26/2016,10387,2781,726,132,33,70,0.00,2.12,0.77,4.16,961,479,7.98
7086361926,4/27/2016,11107,2693,829,145,6,55,0.00,2.53,0.18,5.63,1035,405,6.75
7086361926,4/28/2016,11584,2862,810,161,48,54,0.00,3.36,1.64,2.79,1073,367,6.12
7086361926,4/29/2016,7881,2616,1198,182,36,24,0.00,4.00,0.45,0.49,1440,0,0.00
7086361926,4/30/2016,14560,2995,584,308,17,42,0.00,5.24,1.04,3.12,951,489,8.15
7086361926,5/1/2016,12390,2730,685,258,15,30,0.00,4.85,0.90,2.30,988,452,7.53
7086361926,5/2/2016,10052,2754,737,139,26,66,0.00,2.66,0.66,3.48,968,472,7.87
7086361926,5/3/2016,10288,2754,761,152,36,57,0.00,3.16,0.85,2.74,1006,434,7.23
7086361926,5/4/2016,10988,2655,843,135,12,45,0.00,2.90,0.12,5.28,1035,405,6.75
7086361926,5/5/2016,8564,2386,1253,149,14,24,0.00,2.95,0.83,1.78,1440,0,0.00
7086361926,5/6/2016,12461,2924,834,154,35,84,0.00,3.12,1.43,3.82,1107,333,5.55
7086361926,5/7/2016,12827,2739,621,209,42,20,0.00,4.68,2.33,1.46,892,548,9.13
7086361926,5/8/2016,10677,2534,695,147,27,32,0.00,3.25,1.53,2.31,901,539,8.98
7086361926,5/9/2016,13566,2960,743,171,50,67,0.00,3.12,1.71,4.26,1031,409,6.82
7086361926,5/10/2016,14433,2800,1182,106,23,72,0.00,2.45,1.20,7.11,1383,57,0.95
7086361926,5/11/2016,9572,2735,757,128,40,57,0.00,2.23,1.39,2.89,982,458,7.63
7086361926,5/12/2016,3789,1199,343,58,4,5,0.00,1.89,0.27,0.38,410,1030,17.17
8053475328,4/12/2016,18060,3186,1193,123,8,116,0.00,2.10,0.39,11.64,1440,0,0.00
8053475328,4/13/2016,16433,3140,1177,156,12,95,0.00,2.45,0.47,10.43,1440,0,0.00
8053475328,4/14/2016,20159,3411,1123,193,5,119,0.00,3.36,0.21,12.34,1440,0,0.00
8053475328,4/15/2016,20669,3410,1142,158,8,132,0.00,2.59,0.39,13.26,1440,0,0.00
8053475328,4/16/2016,14549,2867,1255,83,6,96,0.00,1.49,0.27,9.36,1440,0,0.00
8053475328,4/17/2016,18827,3213,1113,195,21,111,0.00,3.64,0.80,9.24,1440,0,0.00
8053475328,4/18/2016,17076,3133,1137,195,6,102,0.00,3.35,0.23,9.08,1440,0,0.00
8053475328,4/19/2016,15929,3114,1152,191,7,90,0.00,2.95,0.31,9.22,1440,0,0.00
8053475328,4/20/2016,15108,3043,695,158,5,89,0.00,2.38,0.23,9.58,947,493,8.22
8053475328,4/21/2016,16057,3103,1164,170,6,100,0.00,2.58,0.25,9.67,1440,0,0.00
8053475328,4/22/2016,10520,2655,1260,117,3,60,0.00,1.88,0.15,6.26,1440,0,0.00
8053475328,4/23/2016,22359,3554,741,223,14,125,0.00,4.02,0.63,12.54,1103,337,5.62
8053475328,4/24/2016,22988,3577,1096,182,33,129,0.00,3.26,1.55,13.13,1440,0,0.00
8053475328,4/25/2016,20500,3403,1104,209,9,118,0.00,3.86,0.46,11.37,1440,0,0.00
8053475328,4/26/2016,12685,2846,1182,185,5,68,0.00,3.10,0.20,6.31,1440,0,0.00
8053475328,4/27/2016,12422,2852,1187,183,10,60,0.00,2.93,0.43,6.46,1440,0,0.00
8053475328,4/28/2016,15447,3062,1188,153,9,90,0.00,2.35,0.39,9.67,1440,0,0.00
8053475328,4/29/2016,12315,2794,1215,159,8,58,0.00,3.17,0.31,6.17,1440,0,0.00
8053475328,4/30/2016,7135,2408,1281,131,1,27,0.00,2.54,0.06,2.99,1440,0,0.00
8053475328,5/1/2016,1170,1886,1389,51,0,0,0.00,0.85,0.00,0.00,1440,0,0.00
8053475328,5/2/2016,1969,1988,1345,95,0,0,0.00,1.43,0.00,0.00,1440,0,0.00
8053475328,5/3/2016,15484,3023,1166,165,22,87,0.00,2.59,0.93,8.39,1440,0,0.00
8053475328,5/4/2016,14581,2918,1220,123,8,89,0.00,1.91,0.40,8.82,1440,0,0.00
8053475328,5/5/2016,14990,2950,1208,130,9,93,0.00,2.21,0.45,8.85,1440,0,0.00
8053475328,5/6/2016,13953,2859,1245,90,15,90,0.00,1.21,0.69,9.10,1440,0,0.00
8053475328,5/7/2016,19769,3331,1076,148,20,121,0.00,2.35,0.88,12.44,1365,75,1.25
8053475328,5/8/2016,22026,3589,1073,228,14,125,0.00,3.66,0.59,13.40,1440,0,0.00
8053475328,5/9/2016,12465,2765,1214,148,12,66,0.00,2.69,0.57,6.12,1440,0,0.00
8053475328,5/10/2016,14810,2926,1219,115,10,96,0.00,1.85,0.42,9.09,1440,0,0.00
8053475328,5/11/2016,12209,2809,1189,184,7,60,0.00,3.04,0.28,6.08,1440,0,0.00
8053475328,5/12/2016,4998,1505,839,39,4,28,0.00,0.76,0.20,2.95,910,530,8.83
8253242879,4/12/2016,9033,2044,1244,154,2,40,0.00,1.59,0.14,5.43,1440,0,0.00
8253242879,4/13/2016,8053,1935,1298,96,11,35,0.00,1.31,0.63,4.17,1440,0,0.00
8253242879,4/14/2016,5234,1705,1362,33,16,29,0.00,0.54,0.99,1.93,1440,0,0.00
8253242879,4/15/2016,2672,1632,1335,105,0,0,0.00,1.76,0.00,0.00,1440,0,0.00
8253242879,4/16/2016,9256,1880,1268,115,51,6,0.00,2.45,3.27,0.43,1440,0,0.00
8253242879,4/17/2016,10204,2112,1237,157,5,41,0.00,2.33,0.15,5.43,1440,0,0.00
8253242879,4/18/2016,5151,1829,1278,130,16,16,0.00,1.80,0.63,1.04,1440,0,0.00
8253242879,4/19/2016,4212,1763,1276,164,0,0,0.00,2.78,0.00,0.00,1440,0,0.00
8253242879,4/20/2016,6466,1931,1201,216,18,5,0.01,3.11,0.82,0.33,1440,0,0.00
8253242879,4/21/2016,11268,2218,1199,172,20,49,0.00,1.75,0.93,5.88,1440,0,0.00
8253242879,4/22/2016,2824,1651,1320,120,0,0,0.00,1.87,0.00,0.00,1440,0,0.00
8253242879,4/23/2016,9282,2132,1193,191,26,30,0.00,3.13,1.04,2.09,1440,0,0.00
8253242879,4/24/2016,8905,1976,1313,82,4,41,0.00,1.34,0.19,5.60,1440,0,0.00
8253242879,4/25/2016,6829,1909,1261,118,54,7,0.00,1.77,2.39,0.36,1440,0,0.00
8253242879,4/26/2016,4562,1813,1299,108,14,19,0.00,1.37,0.49,1.18,1440,0,0.00
8253242879,4/27/2016,10232,2008,1286,104,5,45,0.00,1.70,0.23,6.24,1440,0,0.00
8253242879,4/28/2016,2718,1580,1393,20,16,11,0.00,0.34,0.78,0.67,1440,0,0.00
8253242879,4/29/2016,6260,1854,1257,136,14,16,0.00,2.40,0.54,1.29,1423,17,0.28
8253242879,4/30/2016,0,0,1440,0,0,0,0.00,0.00,0.00,0.00,1440,0,0.00
8378563200,4/12/2016,7626,3635,723,156,15,65,0.00,4.50,0.71,0.83,959,481,8.02
8378563200,4/13/2016,12386,4079,680,169,14,116,0.00,4.21,0.65,4.96,979,461,7.68
8378563200,4/14/2016,13318,4163,699,174,21,123,0.00,3.91,1.03,5.62,1017,423,7.05
8378563200,4/15/2016,14461,3666,729,190,23,60,0.00,5.41,1.15,4.91,1002,438,7.30
8378563200,4/16/2016,11207,3363,563,142,21,64,0.00,2.44,1.07,5.37,790,650,10.83
8378563200,4/17/2016,2132,2572,599,93,0,0,0.00,1.69,0.00,0.00,692,748,12.47
8378563200,4/18/2016,13630,4157,720,174,10,117,0.00,5.20,0.56,5.05,1021,419,6.98
8378563200,4/19/2016,13070,4092,737,154,19,120,0.00,4.18,0.88,5.30,1030,410,6.83
8378563200,4/20/2016,9388,3787,763,169,8,82,0.00,4.78,0.44,2.23,1022,418,6.97
8378563200,4/21/2016,15148,4236,677,145,16,137,0.00,4.29,0.82,6.90,975,465,7.75
8378563200,4/22/2016,12200,4044,769,159,12,113,0.00,4.18,0.59,4.91,1053,387,6.45
8378563200,4/23/2016,5709,2908,740,136,10,19,0.00,2.48,0.52,1.52,905,535,8.92
8378563200,4/24/2016,3703,2741,734,135,0,0,0.00,2.94,0.00,0.00,869,571,9.52
8378563200,4/25/2016,12405,4005,692,141,16,117,0.00,3.92,0.87,5.05,966,474,7.90
8378563200,4/26/2016,16208,3763,593,161,18,90,0.00,4.42,0.92,7.51,862,578,9.63
8378563200,4/27/2016,7359,3061,676,192,4,4,0.00,5.33,0.18,0.33,876,564,9.40
8378563200,4/28/2016,5417,2884,711,139,10,11,0.00,2.91,0.49,0.90,871,569,9.48
8378563200,4/29/2016,6175,2982,767,172,7,3,0.00,4.27,0.36,0.25,949,491,8.18
8378563200,4/30/2016,2946,2660,780,121,0,0,0.00,2.34,0.00,0.00,901,539,8.98
8378563200,5/1/2016,11419,3369,669,127,10,71,0.00,2.47,0.56,6.03,877,563,9.38
8378563200,5/2/2016,6064,3491,802,142,4,63,0.00,4.01,0.17,0.63,1011,429,7.15
8378563200,5/3/2016,8712,3784,822,195,20,71,0.00,4.50,1.06,1.34,1108,332,5.53
8378563200,5/4/2016,7875,3110,680,167,10,19,0.00,4.20,0.49,1.56,876,564,9.40
8378563200,5/5/2016,8567,3783,764,214,3,66,0.00,5.74,0.16,0.89,1047,393,6.55
8378563200,5/6/2016,7045,3644,831,166,5,74,0.00,3.78,0.25,1.55,1076,364,6.07
8378563200,5/7/2016,4468,2799,851,158,0,0,0.00,3.54,0.00,0.00,1009,431,7.18
8378563200,5/8/2016,2943,2685,621,139,0,0,0.00,2.33,0.00,0.00,760,680,11.33
8378563200,5/9/2016,8382,3721,772,171,13,71,0.00,4.72,0.66,1.27,1027,413,6.88
8378563200,5/10/2016,6582,3586,840,152,13,63,0.00,3.92,0.64,0.66,1068,372,6.20
8378563200,5/11/2016,9143,3788,763,184,10,72,0.00,5.27,0.59,1.39,1029,411,6.85
8378563200,5/12/2016,4561,1976,433,102,6,8,0.00,2.69,0.27,0.65,549,891,14.85
8583815059,4/12/2016,5014,2650,1237,196,7,0,0.00,3.58,0.33,0.00,1440,0,0.00
8583815059,4/13/2016,5571,2654,1252,163,23,2,0.00,3.23,0.97,0.15,1440,0,0.00
8583815059,4/14/2016,3135,2443,1306,134,0,0,0.00,2.43,0.00,0.00,1440,0,0.00
8583815059,4/15/2016,3430,2505,1375,65,0,0,0.00,0.90,0.00,0.00,1440,0,0.00
8583815059,4/16/2016,5319,2693,1440,0,0,0,0.00,0.00,0.00,0.00,1440,0,0.00
8583815059,4/17/2016,3008,2439,1440,0,0,0,0.00,0.00,0.00,0.00,1440,0,0.00
8583815059,4/18/2016,3864,2536,1309,105,22,4,0.00,1.35,1.06,0.31,1440,0,0.00
8583815059,4/19/2016,5697,2668,1257,166,10,7,0.00,3.44,0.48,0.53,1440,0,0.00
8583815059,4/20/2016,5273,2647,1246,167,27,0,0.00,3.07,1.04,0.00,1440,0,0.00
8583815059,4/21/2016,8538,2883,1229,158,18,35,0.00,3.01,1.02,2.63,1440,0,0.00
8583815059,4/22/2016,8687,2944,1170,212,54,4,0.00,4.08,2.41,0.29,1440,0,0.00
8583815059,4/23/2016,9423,3012,1151,238,44,7,0.00,4.75,2.03,0.53,1440,0,0.00
8583815059,4/24/2016,8286,2889,1188,206,44,2,0.00,4.27,2.05,0.15,1440,0,0.00
8583815059,4/25/2016,4503,2547,1294,122,6,18,0.00,1.81,0.24,1.47,1440,0,0.00
8583815059,4/26/2016,10499,3093,1134,214,91,1,0.00,3.89,4.22,0.07,1440,0,0.00
8583815059,4/27/2016,12474,3142,1229,129,5,77,0.00,2.87,0.27,6.60,1440,0,0.00
8583815059,4/28/2016,6174,2757,1209,203,28,0,0.00,3.61,1.20,0.00,1440,0,0.00
8583815059,4/29/2016,15168,3513,1069,258,67,46,0.00,4.92,3.00,3.90,1440,0,0.00
8583815059,4/30/2016,10085,3164,1093,317,28,2,0.00,6.43,1.28,0.15,1440,0,0.00
8583815059,5/1/2016,4512,2596,1311,117,2,10,0.00,2.04,0.12,0.78,1440,0,0.00
8583815059,5/2/2016,8469,2894,1440,0,0,0,0.00,0.00,0.00,0.00,1440,0,0.00
8583815059,5/3/2016,12015,3212,1440,0,0,0,0.00,0.00,0.00,0.00,1440,0,0.00
8583815059,5/4/2016,3588,2516,1440,0,0,0,0.00,0.00,0.00,0.00,1440,0,0.00
8583815059,5/5/2016,12427,3266,1370,70,0,0,0.00,1.18,0.00,0.00,1440,0,0.00
8583815059,5/6/2016,5843,2683,1250,166,22,2,0.00,3.23,1.19,0.14,1440,0,0.00
8583815059,5/7/2016,6117,2810,1190,250,0,0,0.00,4.77,0.00,0.00,1440,0,0.00
8583815059,5/8/2016,9217,2940,1183,182,72,3,0.00,3.66,3.31,0.22,1440,0,0.00
8583815059,5/9/2016,9877,2947,1260,110,4,66,0.00,1.73,0.17,5.76,1440,0,0.00
8583815059,5/10/2016,8240,2846,1226,162,43,9,0.00,3.72,2.01,0.69,1440,0,0.00
8583815059,5/11/2016,8701,2804,1106,177,71,5,0.00,3.17,3.24,0.37,1359,81,1.35
8583815059,5/12/2016,0,0,1440,0,0,0,0.00,0.00,0.00,0.00,1440,0,0.00
8792009665,4/12/2016,2564,2044,831,116,0,0,0.00,1.64,0.00,0.00,947,493,8.22
8792009665,4/13/2016,1320,1934,806,82,0,0,0.00,0.84,0.00,0.00,888,552,9.20
8792009665,4/14/2016,1219,1963,853,84,0,0,0.00,0.78,0.00,0.00,937,503,8.38
8792009665,4/15/2016,2483,2009,937,126,0,0,0.00,1.59,0.00,0.00,1063,377,6.28
8792009665,4/16/2016,244,1721,1428,12,0,0,0.00,0.16,0.00,0.00,1440,0,0.00
8792009665,4/17/2016,0,1688,1440,0,0,0,0.00,0.00,0.00,0.00,1440,0,0.00
8792009665,4/18/2016,0,1688,1440,0,0,0,0.00,0.00,0.00,0.00,1440,0,0.00
8792009665,4/19/2016,0,1688,1440,0,0,0,0.00,0.00,0.00,0.00,1440,0,0.00
8792009665,4/20/2016,3147,2188,744,139,10,0,0.00,1.74,0.28,0.00,893,547,9.12
8792009665,4/21/2016,144,1720,1431,9,0,0,0.00,0.09,0.00,0.00,1440,0,0.00
8792009665,4/22/2016,4068,2419,817,195,20,1,0.00,2.27,0.28,0.05,1033,407,6.78
8792009665,4/23/2016,5245,2748,795,232,45,8,0.00,2.75,0.44,0.16,1080,360,6.00
8792009665,4/24/2016,400,1799,1410,19,8,3,0.00,0.16,0.05,0.04,1440,0,0.00
8792009665,4/25/2016,0,1688,1440,0,0,0,0.00,0.00,0.00,0.00,1440,0,0.00
8792009665,4/26/2016,1321,1928,1360,80,0,0,0.00,0.85,0.00,0.00,1440,0,0.00
8792009665,4/27/2016,1758,2067,900,112,0,0,0.00,1.13,0.00,0.00,1012,428,7.13
8792009665,4/28/2016,6157,2780,714,310,0,0,0.00,3.94,0.00,0.00,1024,416,6.93
8792009665,4/29/2016,8360,3101,634,380,14,6,0.00,4.93,0.28,0.14,1034,406,6.77
8792009665,4/30/2016,7174,2896,749,301,20,10,0.00,3.91,0.36,0.33,1080,360,6.00
8792009665,5/1/2016,1619,1962,834,79,0,0,0.00,1.04,0.00,0.00,913,527,8.78
8792009665,5/2/2016,1831,2015,916,101,0,0,0.00,1.17,0.00,0.00,1017,423,7.05
8792009665,5/3/2016,2421,2297,739,156,0,0,0.00,1.55,0.00,0.00,895,545,9.08
8792009665,5/4/2016,2283,2067,848,129,0,0,0.00,1.46,0.00,0.00,977,463,7.72
8792009665,5/5/2016,0,1688,1440,0,0,0,0.00,0.00,0.00,0.00,1440,0,0.00
8792009665,5/6/2016,0,1688,1440,0,0,0,0.00,0.00,0.00,0.00,1440,0,0.00
8792009665,5/7/2016,0,1688,1440,0,0,0,0.00,0.00,0.00,0.00,1440,0,0.00
8792009665,5/8/2016,0,1688,1440,0,0,0,0.00,0.00,0.00,0.00,1440,0,0.00
8792009665,5/9/2016,0,1688,1440,0,0,0,0.00,0.00,0.00,0.00,1440,0,0.00
8792009665,5/10/2016,0,57,48,0,0,0,0.00,0.00,0.00,0.00,48,1392,23.20
8877689391,4/12/2016,23186,3921,1036,312,7,85,0.00,7.82,0.34,12.22,1440,0,0.00
8877689391,4/13/2016,15337,3566,1098,216,18,108,0.00,5.64,0.38,3.55,1440,0,0.00
8877689391,4/14/2016,21129,3793,1061,298,13,68,0.02,7.75,0.59,10.55,1440,0,0.00
8877689391,4/15/2016,13422,3934,1052,281,1,106,0.01,7.01,0.05,0.05,1440,0,0.00
8877689391,4/16/2016,29326,4547,888,429,29,94,0.00,10.71,1.21,13.24,1440,0,0.00
8877689391,4/17/2016,15118,3545,1060,307,15,58,0.00,8.79,0.07,0.00,1440,0,0.00
8877689391,4/18/2016,11423,2761,1215,191,5,29,0.00,5.94,0.27,2.44,1440,0,0.00
8877689391,4/19/2016,18785,3676,1131,214,13,82,0.00,5.03,0.18,12.15,1440,0,0.00
8877689391,4/20/2016,19948,3679,1123,225,19,73,0.00,6.34,0.69,11.02,1440,0,0.00
8877689391,4/21/2016,19377,3659,1119,226,13,82,0.00,4.89,0.42,12.29,1440,0,0.00
8877689391,4/22/2016,18258,3427,1141,236,2,61,0.05,5.97,0.03,10.23,1440,0,0.00
8877689391,4/23/2016,11200,3891,1032,300,6,102,0.01,7.40,0.00,0.00,1440,0,0.00
8877689391,4/24/2016,16674,3455,1148,227,1,64,0.00,4.69,0.01,11.01,1440,0,0.00
8877689391,4/25/2016,12986,3802,1101,218,8,113,0.01,6.27,0.07,2.37,1440,0,0.00
8877689391,4/26/2016,11101,2860,1157,258,3,22,0.00,6.50,0.13,1.76,1440,0,0.00
8877689391,4/27/2016,23629,3808,1104,235,8,93,0.00,7.10,0.44,13.07,1440,0,0.00
8877689391,4/28/2016,14890,3060,1143,231,8,58,0.00,5.97,0.38,4.93,1440,0,0.00
8877689391,4/29/2016,9733,2698,1207,210,5,18,0.00,5.79,0.17,1.38,1440,0,0.00
8877689391,4/30/2016,27745,4398,1089,223,4,124,0.00,4.93,0.08,21.66,1440,0,0.00
8877689391,5/1/2016,10930,2786,1226,166,12,36,0.00,4.57,0.57,3.13,1440,0,0.00
8877689391,5/2/2016,4790,2189,1335,105,0,0,0.00,3.56,0.00,0.00,1440,0,0.00
8877689391,5/3/2016,10818,2817,1189,229,3,19,0.01,6.67,0.10,1.39,1440,0,0.00
8877689391,5/4/2016,18193,3477,1154,212,8,66,0.00,5.53,0.31,10.42,1440,0,0.00
8877689391,5/5/2016,14055,3052,1170,188,15,67,0.00,4.37,0.82,5.46,1440,0,0.00
8877689391,5/6/2016,21727,4015,1095,232,17,96,0.00,6.16,0.29,12.79,1440,0,0.00
8877689391,5/7/2016,12332,4142,1036,271,28,105,0.00,6.99,0.96,0.08,1440,0,0.00
8877689391,5/8/2016,10686,2847,1174,245,4,17,0.00,6.80,0.20,1.08,1440,0,0.00
8877689391,5/9/2016,20226,3710,1131,217,19,73,0.05,6.24,0.80,11.10,1440,0,0.00
8877689391,5/10/2016,10733,2832,1187,224,11,18,0.00,6.28,0.46,1.35,1440,0,0.00
8877689391,5/11/2016,21420,3832,1127,213,12,88,0.00,5.89,0.41,13.22,1440,0,0.00
8877689391,5/12/2016,8064,1849,770,137,1,23,0.00,4.25,0.04,1.82,931,509,8.48